-- --------------------------------------------------------
-- Host:                         127.0.0.1
-- Server version:               10.4.32-MariaDB - mariadb.org binary distribution
-- Server OS:                    Win64
-- HeidiSQL Version:             12.13.0.7147
-- --------------------------------------------------------

/*!40101 SET @OLD_CHARACTER_SET_CLIENT=@@CHARACTER_SET_CLIENT */;
/*!40101 SET NAMES utf8 */;
/*!50503 SET NAMES utf8mb4 */;
/*!40103 SET @OLD_TIME_ZONE=@@TIME_ZONE */;
/*!40103 SET TIME_ZONE='+00:00' */;
/*!40014 SET @OLD_FOREIGN_KEY_CHECKS=@@FOREIGN_KEY_CHECKS, FOREIGN_KEY_CHECKS=0 */;
/*!40101 SET @OLD_SQL_MODE=@@SQL_MODE, SQL_MODE='NO_AUTO_VALUE_ON_ZERO' */;
/*!40111 SET @OLD_SQL_NOTES=@@SQL_NOTES, SQL_NOTES=0 */;

-- Dumping structure for table deal_machan.admins
CREATE TABLE IF NOT EXISTS `admins` (
  `id` int(10) unsigned NOT NULL AUTO_INCREMENT,
  `user_id` int(10) unsigned NOT NULL,
  `name` varchar(100) NOT NULL DEFAULT '',
  `admin_type` enum('super_admin','city_admin','sales_admin','promoter_admin','partner_admin','club_admin') NOT NULL,
  `permissions_json` longtext CHARACTER SET utf8mb4 COLLATE utf8mb4_bin DEFAULT NULL CHECK (json_valid(`permissions_json`)),
  `customer_cap` int(11) DEFAULT NULL COMMENT 'Max customers for partner/club admin',
  `managed_by_admin_id` int(10) unsigned DEFAULT NULL COMMENT 'Parent admin ID',
  `city_id` int(10) unsigned DEFAULT NULL,
  `created_at` timestamp NOT NULL DEFAULT current_timestamp(),
  `updated_at` timestamp NULL DEFAULT NULL ON UPDATE current_timestamp(),
  PRIMARY KEY (`id`),
  UNIQUE KEY `uk_user_id` (`user_id`),
  KEY `idx_admin_type` (`admin_type`),
  KEY `idx_managed_by` (`managed_by_admin_id`),
  KEY `idx_city_id` (`city_id`),
  CONSTRAINT `fk_admins_city` FOREIGN KEY (`city_id`) REFERENCES `cities` (`id`) ON DELETE SET NULL,
  CONSTRAINT `fk_admins_manager` FOREIGN KEY (`managed_by_admin_id`) REFERENCES `admins` (`id`) ON DELETE SET NULL,
  CONSTRAINT `fk_admins_user` FOREIGN KEY (`user_id`) REFERENCES `users` (`id`) ON DELETE CASCADE
) ENGINE=InnoDB AUTO_INCREMENT=9 DEFAULT CHARSET=utf8mb4 COLLATE=utf8mb4_unicode_ci;

-- Dumping data for table deal_machan.admins: ~8 rows (approximately)
INSERT INTO `admins` (`id`, `user_id`, `name`, `admin_type`, `permissions_json`, `customer_cap`, `managed_by_admin_id`, `city_id`, `created_at`, `updated_at`) VALUES
	(1, 1, 'Super Administrator', 'super_admin', '["all"]', NULL, NULL, NULL, '2025-10-22 10:06:11', '2026-02-19 23:49:48'),
	(2, 4, 'Arjun Nair', 'city_admin', NULL, NULL, 1, 2, '2026-02-19 10:58:20', NULL),
	(3, 5, 'Priya Menon', 'city_admin', NULL, NULL, 1, 3, '2026-02-19 10:58:20', NULL),
	(4, 6, 'Rahul Krishnan', 'sales_admin', NULL, 500, 1, 2, '2026-02-19 10:58:20', NULL),
	(5, 7, 'Divya Thomas', 'sales_admin', NULL, 300, 1, 4, '2026-02-19 10:58:20', NULL),
	(6, 8, 'Sanjay Kumar', 'promoter_admin', NULL, NULL, 1, NULL, '2026-02-19 10:58:20', NULL),
	(7, 9, 'Meera Pillai', 'partner_admin', NULL, NULL, 1, NULL, '2026-02-19 10:58:20', NULL),
	(8, 10, 'Anil Varma', 'club_admin', NULL, NULL, 1, 1, '2026-02-19 10:58:20', NULL);

-- Dumping structure for table deal_machan.advertisements
CREATE TABLE IF NOT EXISTS `advertisements` (
  `id` int(10) unsigned NOT NULL AUTO_INCREMENT,
  `title` varchar(255) NOT NULL,
  `media_type` enum('image','video') NOT NULL,
  `media_url` varchar(255) NOT NULL,
  `link_url` varchar(255) DEFAULT NULL,
  `display_duration` int(11) NOT NULL DEFAULT 5 COMMENT 'Seconds',
  `start_date` timestamp NULL DEFAULT NULL,
  `end_date` timestamp NULL DEFAULT NULL,
  `status` enum('active','inactive') NOT NULL DEFAULT 'active',
  `created_by_admin_id` int(10) unsigned NOT NULL,
  `created_at` timestamp NOT NULL DEFAULT current_timestamp(),
  `updated_at` timestamp NULL DEFAULT NULL ON UPDATE current_timestamp(),
  PRIMARY KEY (`id`),
  KEY `idx_status` (`status`),
  KEY `idx_dates` (`start_date`,`end_date`),
  KEY `idx_created_by` (`created_by_admin_id`),
  CONSTRAINT `fk_advertisements_admin` FOREIGN KEY (`created_by_admin_id`) REFERENCES `admins` (`id`) ON DELETE CASCADE
) ENGINE=InnoDB AUTO_INCREMENT=14 DEFAULT CHARSET=utf8mb4 COLLATE=utf8mb4_unicode_ci;

-- Dumping data for table deal_machan.advertisements: ~13 rows (approximately)
INSERT INTO `advertisements` (`id`, `title`, `media_type`, `media_url`, `link_url`, `display_duration`, `start_date`, `end_date`, `status`, `created_by_admin_id`, `created_at`, `updated_at`) VALUES
	(1, 'Onam Bumper Sale', 'image', '/assets/images/ads/onam-bumper.jpg', 'http://dealmachan-admin.local/merchants', 15, '2026-01-20 13:55:39', '2026-03-06 13:55:39', 'active', 1, '2026-02-19 13:55:39', '2026-02-19 13:55:39'),
	(2, 'New Partner Welcome', 'image', '/assets/images/ads/new-partner.jpg', 'http://dealmachan-admin.local/merchants', 10, '2026-01-30 13:55:39', '2026-03-01 13:55:39', 'active', 1, '2026-02-19 13:55:39', '2026-02-19 13:55:39'),
	(3, 'DealMachan Premium Card', 'video', '/assets/videos/ads/premium-card.mp4', 'http://dealmachan-admin.local/cards', 30, '2026-02-04 13:55:39', '2026-04-05 13:55:39', 'active', 2, '2026-02-19 13:55:39', '2026-02-19 13:55:39'),
	(4, 'Thiruvananthapuram Deals', 'image', '/assets/images/ads/tvm-deals.jpg', 'http://dealmachan-admin.local/coupons', 12, '2026-01-25 13:55:39', '2026-02-24 13:55:39', 'active', 1, '2026-02-19 13:55:39', '2026-02-19 13:55:39'),
	(5, 'Kochi Restaurant Week', 'image', '/assets/images/ads/kochi-restaurant.jpg', 'http://dealmachan-admin.local/merchants', 10, '2026-02-09 13:55:39', '2026-03-11 13:55:39', 'active', 2, '2026-02-19 13:55:39', '2026-02-19 13:55:39'),
	(6, 'Gold Jewellery Festival', 'image', '/assets/images/ads/gold-festival.jpg', 'http://dealmachan-admin.local/coupons', 20, '2026-02-14 13:55:39', '2026-03-16 13:55:39', 'active', 3, '2026-02-19 13:55:39', '2026-02-19 13:55:39'),
	(7, 'Fitness Club Promo', 'image', '/assets/images/ads/fitness-promo.jpg', 'http://dealmachan-admin.local/merchants', 10, '2026-02-11 13:55:39', '2026-03-13 13:55:39', 'active', 1, '2026-02-19 13:55:39', '2026-02-19 13:55:39'),
	(8, 'Referral Earn Now', 'image', '/assets/images/ads/referral-earn.jpg', 'http://dealmachan-admin.local/customers', 15, '2026-02-07 13:55:39', '2026-03-09 13:55:39', 'active', 1, '2026-02-19 13:55:39', '2026-02-19 13:55:39'),
	(9, 'Kerala Tourism Special', 'video', '/assets/videos/ads/kerala-tourism.mp4', 'http://dealmachan-admin.local/merchants', 25, '2026-02-01 13:55:39', '2026-03-03 13:55:39', 'active', 2, '2026-02-19 13:55:39', '2026-02-19 13:55:39'),
	(10, 'Monsoon Flash Sales', 'image', '/assets/images/ads/monsoon-flash.jpg', 'http://dealmachan-admin.local/coupons', 10, '2026-02-16 13:55:39', '2026-03-18 13:55:39', 'active', 1, '2026-02-19 13:55:39', '2026-02-19 13:55:39'),
	(11, 'Vishu Special Offers', 'image', '/assets/images/ads/vishu-offers.jpg', 'http://dealmachan-admin.local/coupons', 15, '2025-11-21 13:55:39', '2025-12-21 13:55:39', 'inactive', 1, '2026-02-19 13:55:39', '2026-02-19 13:55:39'),
	(12, 'Christmas Carnival', 'image', '/assets/images/ads/christmas.jpg', 'http://dealmachan-admin.local/merchants', 20, '2025-10-22 13:55:39', '2025-11-21 13:55:39', 'inactive', 2, '2026-02-19 13:55:39', '2026-02-19 13:55:39'),
	(13, 'New Year Flash Sale', 'video', '/assets/videos/ads/newyear-flash.mp4', 'http://dealmachan-admin.local/coupons', 30, '2025-09-22 13:55:39', '2025-10-22 13:55:39', 'inactive', 1, '2026-02-19 13:55:39', '2026-02-19 13:55:39');

-- Dumping structure for table deal_machan.areas
CREATE TABLE IF NOT EXISTS `areas` (
  `id` int(10) unsigned NOT NULL AUTO_INCREMENT,
  `area_name` varchar(150) NOT NULL,
  `city_id` int(10) unsigned NOT NULL,
  `status` enum('active','inactive') NOT NULL DEFAULT 'active',
  `created_at` timestamp NOT NULL DEFAULT current_timestamp(),
  `updated_at` timestamp NULL DEFAULT NULL ON UPDATE current_timestamp(),
  PRIMARY KEY (`id`),
  KEY `idx_city_id` (`city_id`),
  KEY `idx_area_status` (`status`),
  CONSTRAINT `fk_areas_city` FOREIGN KEY (`city_id`) REFERENCES `cities` (`id`) ON DELETE CASCADE
) ENGINE=InnoDB AUTO_INCREMENT=71 DEFAULT CHARSET=utf8mb4 COLLATE=utf8mb4_unicode_ci;

-- Dumping data for table deal_machan.areas: ~70 rows (approximately)
INSERT INTO `areas` (`id`, `area_name`, `city_id`, `status`, `created_at`, `updated_at`) VALUES
	(1, 'Pattom', 1, 'active', '2025-10-22 10:06:11', NULL),
	(2, 'Kowdiar', 1, 'active', '2025-10-22 10:06:11', NULL),
	(3, 'Vellayambalam', 1, 'active', '2025-10-22 10:06:11', NULL),
	(4, 'Vazhuthacaud', 1, 'active', '2025-10-22 10:06:11', NULL),
	(5, 'Thampanoor', 1, 'active', '2025-10-22 10:06:11', NULL),
	(6, 'Kazhakootam', 1, 'active', '2025-10-22 10:06:11', NULL),
	(7, 'Technopark', 1, 'active', '2025-10-22 10:06:11', NULL),
	(8, 'Kesavadasapuram', 1, 'active', '2025-10-22 10:06:11', NULL),
	(9, 'Ulloor', 1, 'active', '2025-10-22 10:06:11', NULL),
	(10, 'Statue', 1, 'active', '2025-10-22 10:06:11', NULL),
	(11, 'Ernakulam', 2, 'active', '2025-10-22 10:06:11', NULL),
	(12, 'MG Road', 2, 'active', '2025-10-22 10:06:11', NULL),
	(13, 'Kakkanad', 2, 'active', '2025-10-22 10:06:11', NULL),
	(14, 'Edappally', 2, 'active', '2025-10-22 10:06:11', NULL),
	(15, 'Palarivattom', 2, 'active', '2025-10-22 10:06:11', NULL),
	(16, 'Vyttila', 2, 'active', '2025-10-22 10:06:11', NULL),
	(17, 'Fort Kochi', 2, 'active', '2025-10-22 10:06:11', NULL),
	(18, 'Marine Drive', 2, 'active', '2025-10-22 10:06:11', NULL),
	(19, 'Kaloor', 2, 'active', '2025-10-22 10:06:11', NULL),
	(20, 'Aluva', 2, 'active', '2025-10-22 10:06:11', NULL),
	(21, 'Infopark', 2, 'active', '2025-10-22 10:06:11', NULL),
	(22, 'Thripunithura', 2, 'active', '2025-10-22 10:06:11', NULL),
	(23, 'Mavoor Road', 3, 'active', '2025-10-22 10:06:11', NULL),
	(24, 'Palayam', 3, 'active', '2025-10-22 10:06:11', NULL),
	(25, 'Hilite City', 3, 'active', '2025-10-22 10:06:11', NULL),
	(26, 'Medical College', 3, 'active', '2025-10-22 10:06:11', NULL),
	(27, 'Ramanattukara', 3, 'active', '2025-10-22 10:06:11', NULL),
	(28, 'Meenchanda', 3, 'active', '2025-10-22 10:06:11', NULL),
	(29, 'Beach Road', 3, 'active', '2025-10-22 10:06:11', NULL),
	(30, 'Kannur Road', 3, 'active', '2025-10-22 10:06:11', NULL),
	(31, 'Swaraj Round', 4, 'active', '2025-10-22 10:06:11', NULL),
	(32, 'East Fort', 4, 'active', '2025-10-22 10:06:11', NULL),
	(33, 'Kuriachira', 4, 'active', '2025-10-22 10:06:11', NULL),
	(34, 'Ollukara', 4, 'active', '2025-10-22 10:06:11', NULL),
	(35, 'Punkunnam', 4, 'active', '2025-10-22 10:06:11', NULL),
	(36, 'Shornur Road', 4, 'active', '2025-10-22 10:06:11', NULL),
	(37, 'Mannuthy', 4, 'active', '2025-10-22 10:06:11', NULL),
	(38, 'Chinnakada', 5, 'active', '2025-10-22 10:06:11', NULL),
	(39, 'Asramam', 5, 'active', '2025-10-22 10:06:11', NULL),
	(40, 'Kilikolloor', 5, 'active', '2025-10-22 10:06:11', NULL),
	(41, 'Kadappakada', 5, 'active', '2025-10-22 10:06:11', NULL),
	(42, 'Kottiyam', 5, 'active', '2025-10-22 10:06:11', NULL),
	(43, 'Sakthikulangara', 5, 'active', '2025-10-22 10:06:11', NULL),
	(44, 'Baker Junction', 6, 'active', '2025-10-22 10:06:11', NULL),
	(45, 'MC Road', 6, 'active', '2025-10-22 10:06:11', NULL),
	(46, 'Nagampadam', 6, 'active', '2025-10-22 10:06:11', NULL),
	(47, 'Collectorate', 6, 'active', '2025-10-22 10:06:11', NULL),
	(48, 'Gandhinagar', 6, 'active', '2025-10-22 10:06:11', NULL),
	(49, 'Ettumanoor', 6, 'active', '2025-10-22 10:06:11', NULL),
	(50, 'Mullakkal', 7, 'active', '2025-10-22 10:06:11', NULL),
	(51, 'Thathampally', 7, 'active', '2025-10-22 10:06:11', NULL),
	(52, 'Iron Bridge', 7, 'active', '2025-10-22 10:06:11', NULL),
	(53, 'Beach Road', 7, 'active', '2025-10-22 10:06:11', NULL),
	(54, 'Cherthala', 7, 'active', '2025-10-22 10:06:11', NULL),
	(55, 'Haripad', 7, 'active', '2025-10-22 10:06:11', NULL),
	(56, 'Fort Road', 8, 'active', '2025-10-22 10:06:11', NULL),
	(57, 'Talap', 8, 'active', '2025-10-22 10:06:11', NULL),
	(58, 'Thavakkara', 8, 'active', '2025-10-22 10:06:11', NULL),
	(59, 'Burnassery', 8, 'active', '2025-10-22 10:06:11', NULL),
	(60, 'Thalassery', 8, 'active', '2025-10-22 10:06:11', NULL),
	(61, 'Fort Maidan', 9, 'active', '2025-10-22 10:06:11', NULL),
	(62, 'Mettupalayam', 9, 'active', '2025-10-22 10:06:11', NULL),
	(63, 'Chandra Nagar', 9, 'active', '2025-10-22 10:06:11', NULL),
	(64, 'Sulthan Bathery Road', 9, 'active', '2025-10-22 10:06:11', NULL),
	(65, 'Olavakkode', 9, 'active', '2025-10-22 10:06:11', NULL),
	(66, 'Manjeri', 10, 'active', '2025-10-22 10:06:11', NULL),
	(67, 'Perinthalmanna', 10, 'active', '2025-10-22 10:06:11', NULL),
	(68, 'Tirur', 10, 'active', '2025-10-22 10:06:11', NULL),
	(69, 'Ponnani', 10, 'active', '2025-10-22 10:06:11', NULL),
	(70, 'Nilambur', 10, 'active', '2025-10-22 10:06:11', NULL);

-- Dumping structure for table deal_machan.audit_logs
CREATE TABLE IF NOT EXISTS `audit_logs` (
  `id` int(10) unsigned NOT NULL AUTO_INCREMENT,
  `user_id` int(10) unsigned DEFAULT NULL,
  `user_type` enum('admin','merchant','customer') DEFAULT NULL,
  `action` varchar(100) NOT NULL,
  `table_name` varchar(100) DEFAULT NULL,
  `record_id` int(10) unsigned DEFAULT NULL,
  `old_values` longtext CHARACTER SET utf8mb4 COLLATE utf8mb4_bin DEFAULT NULL CHECK (json_valid(`old_values`)),
  `new_values` longtext CHARACTER SET utf8mb4 COLLATE utf8mb4_bin DEFAULT NULL CHECK (json_valid(`new_values`)),
  `ip_address` varchar(45) DEFAULT NULL,
  `created_at` timestamp NOT NULL DEFAULT current_timestamp(),
  PRIMARY KEY (`id`),
  KEY `idx_user_id` (`user_id`),
  KEY `idx_action` (`action`),
  KEY `idx_table_name` (`table_name`),
  KEY `idx_created_at` (`created_at`)
) ENGINE=InnoDB AUTO_INCREMENT=61 DEFAULT CHARSET=utf8mb4 COLLATE=utf8mb4_unicode_ci;

-- Dumping data for table deal_machan.audit_logs: ~60 rows (approximately)
INSERT INTO `audit_logs` (`id`, `user_id`, `user_type`, `action`, `table_name`, `record_id`, `old_values`, `new_values`, `ip_address`, `created_at`) VALUES
	(1, 1, 'admin', 'create', 'merchants', 14, '{"status":"pending","updated_at":"2026-02-17 19:25:39"}', '{"status":"approved","updated_at":"2026-02-19 19:25:39"}', '192.168.1.10', '2025-11-06 13:55:39'),
	(2, 4, 'admin', 'update', 'customers', 25, '{"status":"pending","updated_at":"2026-02-17 19:25:39"}', '{"status":"approved","updated_at":"2026-02-19 19:25:39"}', '192.168.1.11', '2026-01-02 13:55:39'),
	(3, 5, 'admin', 'delete', 'coupons', 3, '{"status":"pending","updated_at":"2026-02-17 19:25:39"}', '{"status":"approved","updated_at":"2026-02-19 19:25:39"}', '10.0.0.5', '2025-11-04 13:55:39'),
	(4, 6, 'merchant', 'login', 'cards', 26, '{"status":"pending","updated_at":"2026-02-17 19:25:39"}', '{"status":"approved","updated_at":"2026-02-19 19:25:39"}', '10.0.0.6', '2025-11-07 13:55:39'),
	(5, 7, 'merchant', 'logout', 'users', 42, '{"status":"pending","updated_at":"2026-02-17 19:25:39"}', '{"status":"approved","updated_at":"2026-02-19 19:25:39"}', '172.16.0.1', '2025-12-04 13:55:39'),
	(6, 8, 'customer', 'approve', 'stores', 12, '{"status":"pending","updated_at":"2026-02-17 19:25:39"}', '{"status":"approved","updated_at":"2026-02-19 19:25:39"}', '192.168.100.5', '2025-10-06 13:55:39'),
	(7, 9, 'admin', 'reject', 'reviews', 17, '{"status":"pending","updated_at":"2026-02-17 19:25:39"}', '{"status":"approved","updated_at":"2026-02-19 19:25:39"}', '192.168.1.10', '2026-01-16 13:55:39'),
	(8, 10, 'admin', 'assign', 'subscriptions', 17, '{"status":"pending","updated_at":"2026-02-17 19:25:39"}', '{"status":"approved","updated_at":"2026-02-19 19:25:39"}', '192.168.1.11', '2025-09-02 13:55:39'),
	(9, 76, 'admin', 'create', 'merchants', 41, '{"status":"pending","updated_at":"2026-02-17 19:25:39"}', '{"status":"approved","updated_at":"2026-02-19 19:25:39"}', '10.0.0.5', '2025-10-23 13:55:39'),
	(10, 77, 'merchant', 'update', 'customers', 56, '{"status":"pending","updated_at":"2026-02-17 19:25:39"}', '{"status":"approved","updated_at":"2026-02-19 19:25:39"}', '10.0.0.6', '2025-11-19 13:55:39'),
	(11, 78, 'merchant', 'delete', 'coupons', 30, '{"status":"pending","updated_at":"2026-02-17 19:25:39"}', '{"status":"approved","updated_at":"2026-02-19 19:25:39"}', '172.16.0.1', '2025-10-29 13:55:39'),
	(12, 79, 'customer', 'login', 'cards', 18, '{"status":"pending","updated_at":"2026-02-17 19:25:39"}', '{"status":"approved","updated_at":"2026-02-19 19:25:39"}', '192.168.100.5', '2025-09-15 13:55:39'),
	(13, 80, 'admin', 'logout', 'users', 19, '{"status":"pending","updated_at":"2026-02-17 19:25:39"}', '{"status":"approved","updated_at":"2026-02-19 19:25:39"}', '192.168.1.10', '2026-02-11 13:55:39'),
	(14, 81, 'admin', 'approve', 'stores', 14, '{"status":"pending","updated_at":"2026-02-17 19:25:39"}', '{"status":"approved","updated_at":"2026-02-19 19:25:39"}', '192.168.1.11', '2025-11-12 13:55:39'),
	(15, 82, 'admin', 'reject', 'reviews', 22, '{"status":"pending","updated_at":"2026-02-17 19:25:39"}', '{"status":"approved","updated_at":"2026-02-19 19:25:39"}', '10.0.0.5', '2025-10-05 13:55:39'),
	(16, 83, 'merchant', 'assign', 'subscriptions', 1, '{"status":"pending","updated_at":"2026-02-17 19:25:39"}', '{"status":"approved","updated_at":"2026-02-19 19:25:39"}', '10.0.0.6', '2025-11-24 13:55:39'),
	(17, 84, 'merchant', 'create', 'merchants', 19, '{"status":"pending","updated_at":"2026-02-17 19:25:39"}', '{"status":"approved","updated_at":"2026-02-19 19:25:39"}', '172.16.0.1', '2025-09-23 13:55:39'),
	(18, 85, 'customer', 'update', 'customers', 42, '{"status":"pending","updated_at":"2026-02-17 19:25:39"}', '{"status":"approved","updated_at":"2026-02-19 19:25:39"}', '192.168.100.5', '2026-01-30 13:55:39'),
	(19, 86, 'admin', 'delete', 'coupons', 7, '{"status":"pending","updated_at":"2026-02-17 19:25:39"}', '{"status":"approved","updated_at":"2026-02-19 19:25:39"}', '192.168.1.10', '2026-02-12 13:55:39'),
	(20, 87, 'admin', 'login', 'cards', 1, '{"status":"pending","updated_at":"2026-02-17 19:25:39"}', '{"status":"approved","updated_at":"2026-02-19 19:25:39"}', '192.168.1.11', '2025-10-28 13:55:39'),
	(21, 1, 'admin', 'logout', 'users', 56, '{"status":"pending","updated_at":"2026-02-17 19:25:39"}', '{"status":"approved","updated_at":"2026-02-19 19:25:39"}', '10.0.0.5', '2025-12-05 13:55:39'),
	(22, 1, 'merchant', 'approve', 'stores', 59, '{"status":"pending","updated_at":"2026-02-17 19:25:39"}', '{"status":"approved","updated_at":"2026-02-19 19:25:39"}', '10.0.0.6', '2026-01-11 13:55:39'),
	(23, 4, 'merchant', 'reject', 'reviews', 10, '{"status":"pending","updated_at":"2026-02-17 19:25:39"}', '{"status":"approved","updated_at":"2026-02-19 19:25:39"}', '172.16.0.1', '2025-11-29 13:55:39'),
	(24, 5, 'customer', 'assign', 'subscriptions', 60, '{"status":"pending","updated_at":"2026-02-17 19:25:39"}', '{"status":"approved","updated_at":"2026-02-19 19:25:39"}', '192.168.100.5', '2025-09-13 13:55:39'),
	(25, 6, 'admin', 'create', 'merchants', 47, '{"status":"pending","updated_at":"2026-02-17 19:25:39"}', '{"status":"approved","updated_at":"2026-02-19 19:25:39"}', '192.168.1.10', '2025-10-18 13:55:39'),
	(26, 7, 'admin', 'update', 'customers', 46, '{"status":"pending","updated_at":"2026-02-17 19:25:39"}', '{"status":"approved","updated_at":"2026-02-19 19:25:39"}', '192.168.1.11', '2025-09-01 13:55:39'),
	(27, 8, 'admin', 'delete', 'coupons', 3, '{"status":"pending","updated_at":"2026-02-17 19:25:39"}', '{"status":"approved","updated_at":"2026-02-19 19:25:39"}', '10.0.0.5', '2025-11-13 13:55:39'),
	(28, 9, 'merchant', 'login', 'cards', 24, '{"status":"pending","updated_at":"2026-02-17 19:25:39"}', '{"status":"approved","updated_at":"2026-02-19 19:25:39"}', '10.0.0.6', '2025-11-19 13:55:39'),
	(29, 10, 'merchant', 'logout', 'users', 16, '{"status":"pending","updated_at":"2026-02-17 19:25:39"}', '{"status":"approved","updated_at":"2026-02-19 19:25:39"}', '172.16.0.1', '2025-08-31 13:55:39'),
	(30, 76, 'customer', 'approve', 'stores', 23, '{"status":"pending","updated_at":"2026-02-17 19:25:39"}', '{"status":"approved","updated_at":"2026-02-19 19:25:39"}', '192.168.100.5', '2025-12-16 13:55:39'),
	(31, 77, 'admin', 'reject', 'reviews', 29, '{"status":"pending","updated_at":"2026-02-17 19:25:39"}', '{"status":"approved","updated_at":"2026-02-19 19:25:39"}', '192.168.1.10', '2025-09-10 13:55:39'),
	(32, 78, 'admin', 'assign', 'subscriptions', 36, '{"status":"pending","updated_at":"2026-02-17 19:25:39"}', '{"status":"approved","updated_at":"2026-02-19 19:25:39"}', '192.168.1.11', '2025-11-29 13:55:39'),
	(33, 79, 'admin', 'create', 'merchants', 49, '{"status":"pending","updated_at":"2026-02-17 19:25:39"}', '{"status":"approved","updated_at":"2026-02-19 19:25:39"}', '10.0.0.5', '2025-09-27 13:55:39'),
	(34, 80, 'merchant', 'update', 'customers', 17, '{"status":"pending","updated_at":"2026-02-17 19:25:39"}', '{"status":"approved","updated_at":"2026-02-19 19:25:39"}', '10.0.0.6', '2025-11-28 13:55:39'),
	(35, 81, 'merchant', 'delete', 'coupons', 7, '{"status":"pending","updated_at":"2026-02-17 19:25:39"}', '{"status":"approved","updated_at":"2026-02-19 19:25:39"}', '172.16.0.1', '2025-11-01 13:55:39'),
	(36, 82, 'customer', 'login', 'cards', 8, '{"status":"pending","updated_at":"2026-02-17 19:25:39"}', '{"status":"approved","updated_at":"2026-02-19 19:25:39"}', '192.168.100.5', '2025-08-25 13:55:39'),
	(37, 83, 'admin', 'logout', 'users', 10, '{"status":"pending","updated_at":"2026-02-17 19:25:39"}', '{"status":"approved","updated_at":"2026-02-19 19:25:39"}', '192.168.1.10', '2026-02-01 13:55:39'),
	(38, 84, 'admin', 'approve', 'stores', 37, '{"status":"pending","updated_at":"2026-02-17 19:25:39"}', '{"status":"approved","updated_at":"2026-02-19 19:25:39"}', '192.168.1.11', '2025-11-07 13:55:39'),
	(39, 85, 'admin', 'reject', 'reviews', 57, '{"status":"pending","updated_at":"2026-02-17 19:25:39"}', '{"status":"approved","updated_at":"2026-02-19 19:25:39"}', '10.0.0.5', '2025-08-31 13:55:39'),
	(40, 86, 'merchant', 'assign', 'subscriptions', 29, '{"status":"pending","updated_at":"2026-02-17 19:25:39"}', '{"status":"approved","updated_at":"2026-02-19 19:25:39"}', '10.0.0.6', '2025-08-28 13:55:39'),
	(41, 87, 'merchant', 'create', 'merchants', 22, '{"status":"pending","updated_at":"2026-02-17 19:25:39"}', '{"status":"approved","updated_at":"2026-02-19 19:25:39"}', '172.16.0.1', '2025-09-27 13:55:39'),
	(42, 1, 'customer', 'update', 'customers', 32, '{"status":"pending","updated_at":"2026-02-17 19:25:39"}', '{"status":"approved","updated_at":"2026-02-19 19:25:39"}', '192.168.100.5', '2026-01-29 13:55:39'),
	(43, 1, 'admin', 'delete', 'coupons', 53, '{"status":"pending","updated_at":"2026-02-17 19:25:39"}', '{"status":"approved","updated_at":"2026-02-19 19:25:39"}', '192.168.1.10', '2025-12-14 13:55:39'),
	(44, 4, 'admin', 'login', 'cards', 13, '{"status":"pending","updated_at":"2026-02-17 19:25:39"}', '{"status":"approved","updated_at":"2026-02-19 19:25:39"}', '192.168.1.11', '2025-10-07 13:55:39'),
	(45, 5, 'admin', 'logout', 'users', 42, '{"status":"pending","updated_at":"2026-02-17 19:25:39"}', '{"status":"approved","updated_at":"2026-02-19 19:25:39"}', '10.0.0.5', '2025-12-06 13:55:39'),
	(46, 6, 'merchant', 'approve', 'stores', 27, '{"status":"pending","updated_at":"2026-02-17 19:25:39"}', '{"status":"approved","updated_at":"2026-02-19 19:25:39"}', '10.0.0.6', '2025-08-29 13:55:39'),
	(47, 7, 'merchant', 'reject', 'reviews', 6, '{"status":"pending","updated_at":"2026-02-17 19:25:39"}', '{"status":"approved","updated_at":"2026-02-19 19:25:39"}', '172.16.0.1', '2025-11-16 13:55:39'),
	(48, 8, 'customer', 'assign', 'subscriptions', 30, '{"status":"pending","updated_at":"2026-02-17 19:25:39"}', '{"status":"approved","updated_at":"2026-02-19 19:25:39"}', '192.168.100.5', '2025-09-26 13:55:39'),
	(49, 9, 'admin', 'create', 'merchants', 52, '{"status":"pending","updated_at":"2026-02-17 19:25:39"}', '{"status":"approved","updated_at":"2026-02-19 19:25:39"}', '192.168.1.10', '2025-12-24 13:55:39'),
	(50, 10, 'admin', 'update', 'customers', 10, '{"status":"pending","updated_at":"2026-02-17 19:25:39"}', '{"status":"approved","updated_at":"2026-02-19 19:25:39"}', '192.168.1.11', '2025-10-02 13:55:39'),
	(51, 76, 'admin', 'delete', 'coupons', 25, '{"status":"pending","updated_at":"2026-02-17 19:25:39"}', '{"status":"approved","updated_at":"2026-02-19 19:25:39"}', '10.0.0.5', '2026-01-03 13:55:39'),
	(52, 77, 'merchant', 'login', 'cards', 15, '{"status":"pending","updated_at":"2026-02-17 19:25:39"}', '{"status":"approved","updated_at":"2026-02-19 19:25:39"}', '10.0.0.6', '2026-01-18 13:55:39'),
	(53, 78, 'merchant', 'logout', 'users', 22, '{"status":"pending","updated_at":"2026-02-17 19:25:39"}', '{"status":"approved","updated_at":"2026-02-19 19:25:39"}', '172.16.0.1', '2025-10-06 13:55:39'),
	(54, 79, 'customer', 'approve', 'stores', 60, '{"status":"pending","updated_at":"2026-02-17 19:25:39"}', '{"status":"approved","updated_at":"2026-02-19 19:25:39"}', '192.168.100.5', '2025-09-05 13:55:39'),
	(55, 80, 'admin', 'reject', 'reviews', 1, '{"status":"pending","updated_at":"2026-02-17 19:25:39"}', '{"status":"approved","updated_at":"2026-02-19 19:25:39"}', '192.168.1.10', '2025-09-04 13:55:39'),
	(56, 81, 'admin', 'assign', 'subscriptions', 48, '{"status":"pending","updated_at":"2026-02-17 19:25:39"}', '{"status":"approved","updated_at":"2026-02-19 19:25:39"}', '192.168.1.11', '2026-02-01 13:55:39'),
	(57, 82, 'admin', 'create', 'merchants', 10, '{"status":"pending","updated_at":"2026-02-17 19:25:39"}', '{"status":"approved","updated_at":"2026-02-19 19:25:39"}', '10.0.0.5', '2026-01-01 13:55:39'),
	(58, 83, 'merchant', 'update', 'customers', 19, '{"status":"pending","updated_at":"2026-02-17 19:25:39"}', '{"status":"approved","updated_at":"2026-02-19 19:25:39"}', '10.0.0.6', '2026-01-01 13:55:39'),
	(59, 84, 'merchant', 'delete', 'coupons', 53, '{"status":"pending","updated_at":"2026-02-17 19:25:39"}', '{"status":"approved","updated_at":"2026-02-19 19:25:39"}', '172.16.0.1', '2025-11-08 13:55:39'),
	(60, 85, 'customer', 'login', 'cards', 47, '{"status":"pending","updated_at":"2026-02-17 19:25:39"}', '{"status":"approved","updated_at":"2026-02-19 19:25:39"}', '192.168.100.5', '2025-12-05 13:55:39');

-- Dumping structure for table deal_machan.blog_posts
CREATE TABLE IF NOT EXISTS `blog_posts` (
  `id` int(10) unsigned NOT NULL AUTO_INCREMENT,
  `title` varchar(255) NOT NULL,
  `slug` varchar(255) NOT NULL,
  `content` longtext NOT NULL,
  `featured_image` varchar(255) DEFAULT NULL,
  `author_id` int(10) unsigned NOT NULL,
  `status` enum('draft','published','archived') NOT NULL DEFAULT 'draft',
  `published_at` timestamp NULL DEFAULT NULL,
  `created_at` timestamp NOT NULL DEFAULT current_timestamp(),
  `updated_at` timestamp NULL DEFAULT NULL ON UPDATE current_timestamp(),
  PRIMARY KEY (`id`),
  UNIQUE KEY `slug` (`slug`),
  UNIQUE KEY `uk_slug` (`slug`),
  KEY `idx_status` (`status`),
  KEY `idx_author_id` (`author_id`),
  KEY `idx_published_at` (`published_at`),
  CONSTRAINT `fk_blog_posts_author` FOREIGN KEY (`author_id`) REFERENCES `admins` (`id`) ON DELETE CASCADE
) ENGINE=InnoDB AUTO_INCREMENT=16 DEFAULT CHARSET=utf8mb4 COLLATE=utf8mb4_unicode_ci;

-- Dumping data for table deal_machan.blog_posts: ~15 rows (approximately)
INSERT INTO `blog_posts` (`id`, `title`, `slug`, `content`, `featured_image`, `author_id`, `status`, `published_at`, `created_at`, `updated_at`) VALUES
	(1, 'Top 10 Deals in Kochi This Week', 'top-10-deals-kochi-this-week', '<p>Discover the hottest deals and discounts available in Kochi this week. From fine dining to electronics, DealMachan has you covered with the best savings.</p><p>Our partner merchants in Ernakulam, MG Road, and Marine Drive are offering exclusive discounts up to 30% for DealMachan card holders. Don\'t miss out on these limited time offers!</p>', '/assets/images/blog/kochi-deals.jpg', 1, 'published', '2026-02-14 13:55:39', '2026-02-19 13:55:39', '2026-02-19 13:55:39'),
	(2, 'How DealMachan Loyalty Cards Work', 'how-dealmachan-loyalty-cards-work', '<p>DealMachan loyalty cards give you access to hundreds of partner merchant discounts across Kerala. Here\'s a complete guide on how to make the most of your membership.</p><p>Once you receive your card, activate it through our app or customer care. Present it at any partner merchant to avail discounts instantly.</p>', '/assets/images/blog/loyalty-card-guide.jpg', 1, 'published', '2026-02-07 13:55:39', '2026-02-19 13:55:39', '2026-02-19 13:55:39'),
	(3, 'Thiruvananthapuram Restaurant Guide 2024', 'thiruvananthapuram-restaurant-guide-2024', '<p>Explore the best restaurants in Thiruvananthapuram that are part of the DealMachan network. From traditional Kerala cuisine to continental fare, our merchant partners offer the best dining experiences.</p>', '/assets/images/blog/tvm-restaurants.jpg', 2, 'published', '2026-01-30 13:55:39', '2026-02-19 13:55:39', '2026-02-19 13:55:39'),
	(4, 'Onam Special Offers from DealMachan Partners', 'onam-special-offers-2024', '<p>This Onam, our merchant partners across Kerala are offering exclusive discounts and special packages. From traditional wear to home decor and food, celebrate Onam with DealMachan deals.</p>', '/assets/images/blog/onam-offers.jpg', 1, 'published', '2026-01-20 13:55:39', '2026-02-19 13:55:39', '2026-02-19 13:55:39'),
	(5, 'New Partners Joining DealMachan Network', 'new-partners-dealmachan-july-2024', '<p>We\'re excited to welcome 12 new merchant partners to the DealMachan family this month. Check out the new deals available across Kottayam, Thrissur, Alappuzha, and more cities.</p>', '/assets/images/blog/new-partners.jpg', 2, 'published', '2026-01-10 13:55:39', '2026-02-19 13:55:39', '2026-02-19 13:55:39'),
	(6, 'Health and Wellness Deals in Kerala', 'health-wellness-deals-kerala', '<p>Your health is our priority. Discover exclusive deals on gym memberships, optical consultations, pharmacy discounts, and medical checkups through DealMachan partner merchants.</p>', '/assets/images/blog/health-deals.jpg', 1, 'published', '2025-12-31 13:55:39', '2026-02-19 13:55:39', '2026-02-19 13:55:39'),
	(7, 'Travel Kerala with DealMachan Discounts', 'travel-kerala-dealmachan-discounts', '<p>Planning a trip through God\'s Own Country? DealMachan partners include resorts, houseboat operators, and tourism agencies that offer exclusive rates for cardholders.</p>', '/assets/images/blog/kerala-travel.jpg', 3, 'published', '2025-12-21 13:55:39', '2026-02-19 13:55:39', '2026-02-19 13:55:39'),
	(8, 'Jewellery Shopping Guide with DealMachan', 'jewellery-shopping-guide-dealmachan', '<p>Gold and silver purchasing in Kerala becomes even more rewarding with DealMachan partner jewellers. Get making charge waivers, special rates on coins, and exclusive collection previews.</p>', '/assets/images/blog/jewellery-guide.jpg', 2, 'published', '2025-12-11 13:55:39', '2026-02-19 13:55:39', '2026-02-19 13:55:39'),
	(9, 'DealMachan Referral Program Explained', 'dealmachan-referral-program-explained', '<p>Did you know you can earn rewards by referring friends to DealMachan? Our dealmaker program lets you earn ₹50 for every successful referral. Here\'s how to get started.</p>', '/assets/images/blog/referral-program.jpg', 1, 'published', '2025-12-01 13:55:39', '2026-02-19 13:55:39', '2026-02-19 13:55:39'),
	(10, 'Best Electronics Deals in Kerala', 'best-electronics-deals-kerala-2024', '<p>Looking for the latest gadgets at best prices? Our electronics merchant partners in Thiruvananthapuram, Kochi, and Thrissur offer DealMachan cardholders exclusive deals on TVs, mobiles, and appliances.</p>', '/assets/images/blog/electronics-deals.jpg', 4, 'published', '2025-11-21 13:55:39', '2026-02-19 13:55:39', '2026-02-19 13:55:39'),
	(11, 'Upcoming DealMachan Events 2024', 'upcoming-dealmachan-events-2024', '<p>Mark your calendars! DealMachan is organizing exclusive shopping events in Kochi and Thiruvananthapuram. Get first access to flash sales and special promotions.</p>', '/assets/images/blog/upcoming-events.jpg', 1, 'draft', NULL, '2026-02-19 13:55:39', '2026-02-19 13:55:39'),
	(12, 'How Merchants Can Join DealMachan', 'how-merchants-can-join-dealmachan', '<p>Are you a business owner in Kerala looking to expand your customer base? Join the DealMachan merchant network and reach thousands of loyal customers across the state.</p>', '/assets/images/blog/merchant-join.jpg', 1, 'draft', NULL, '2026-02-19 13:55:39', '2026-02-19 13:55:39'),
	(13, 'DealMachan Mystery Shopping Program', 'dealmachan-mystery-shopping-program', '<p>DealMachan is launching an exciting mystery shopping program where verified members can earn rewards by evaluating merchant service quality. Apply now to become a mystery shopper.</p>', '/assets/images/blog/mystery-shopping.jpg', 2, 'published', '2025-11-11 13:55:39', '2026-02-19 13:55:39', '2026-02-19 13:55:39'),
	(14, 'Kerala Food Festival Partner Discounts', 'kerala-food-festival-discounts-2024', '<p>Celebrate Kerala\'s rich culinary heritage at the upcoming food festival. DealMachan partner restaurants across the state are offering special menu deals for cardholders.</p>', '/assets/images/blog/food-festival.jpg', 3, 'published', '2026-02-04 13:55:39', '2026-02-19 13:55:39', '2026-02-19 13:55:39'),
	(15, 'Student Discount Program Launch', 'student-discount-program-dealmachan', '<p>DealMachan is excited to launch a special student discount program. College students with valid ID can get additional 5% off at all partner merchants. Register today!</p>', '/assets/images/blog/student-discount.jpg', 1, 'archived', '2025-10-22 13:55:39', '2026-02-19 13:55:39', '2026-02-19 13:55:39');

-- Dumping structure for table deal_machan.cards
CREATE TABLE IF NOT EXISTS `cards` (
  `id` int(10) unsigned NOT NULL AUTO_INCREMENT,
  `card_variant` varchar(50) NOT NULL COMMENT 'e.g., standard, premium, gold',
  `card_number` varchar(50) NOT NULL,
  `parameters_json` longtext CHARACTER SET utf8mb4 COLLATE utf8mb4_bin DEFAULT NULL COMMENT 'Custom parameters for card' CHECK (json_valid(`parameters_json`)),
  `card_image` varchar(255) DEFAULT NULL,
  `is_preprinted` tinyint(1) NOT NULL DEFAULT 0,
  `assigned_to_merchant_id` int(10) unsigned DEFAULT NULL,
  `assigned_to_admin_id` int(10) unsigned DEFAULT NULL,
  `assigned_to_customer_id` int(10) unsigned DEFAULT NULL,
  `status` enum('available','assigned','activated','blocked') NOT NULL DEFAULT 'available',
  `generated_at` timestamp NOT NULL DEFAULT current_timestamp(),
  `activated_at` timestamp NULL DEFAULT NULL,
  `created_at` timestamp NOT NULL DEFAULT current_timestamp(),
  `updated_at` timestamp NULL DEFAULT NULL ON UPDATE current_timestamp(),
  PRIMARY KEY (`id`),
  UNIQUE KEY `card_number` (`card_number`),
  UNIQUE KEY `uk_card_number` (`card_number`),
  KEY `idx_card_variant` (`card_variant`),
  KEY `idx_status` (`status`),
  KEY `idx_assigned_merchant` (`assigned_to_merchant_id`),
  KEY `idx_assigned_admin` (`assigned_to_admin_id`),
  KEY `idx_assigned_customer` (`assigned_to_customer_id`),
  CONSTRAINT `fk_cards_admin` FOREIGN KEY (`assigned_to_admin_id`) REFERENCES `admins` (`id`) ON DELETE SET NULL,
  CONSTRAINT `fk_cards_customer` FOREIGN KEY (`assigned_to_customer_id`) REFERENCES `customers` (`id`) ON DELETE SET NULL,
  CONSTRAINT `fk_cards_merchant` FOREIGN KEY (`assigned_to_merchant_id`) REFERENCES `merchants` (`id`) ON DELETE SET NULL
) ENGINE=InnoDB AUTO_INCREMENT=81 DEFAULT CHARSET=utf8mb4 COLLATE=utf8mb4_unicode_ci;

-- Dumping data for table deal_machan.cards: ~80 rows (approximately)
INSERT INTO `cards` (`id`, `card_variant`, `card_number`, `parameters_json`, `card_image`, `is_preprinted`, `assigned_to_merchant_id`, `assigned_to_admin_id`, `assigned_to_customer_id`, `status`, `generated_at`, `activated_at`, `created_at`, `updated_at`) VALUES
	(1, 'standard', 'DMSTD00000001', NULL, NULL, 0, NULL, NULL, 1, 'activated', '2026-01-20 14:36:58', '2025-09-12 13:51:42', '2026-01-20 14:36:58', '2026-02-19 13:51:41'),
	(2, 'standard', 'DMSTD00000002', NULL, NULL, 0, NULL, NULL, 11, 'activated', '2026-01-21 14:36:58', '2026-02-03 13:51:42', '2026-01-21 14:36:58', '2026-02-19 13:51:41'),
	(3, 'standard', 'DMSTD00000003', NULL, NULL, 1, NULL, NULL, 12, 'activated', '2026-01-22 14:36:58', '2025-11-03 13:51:42', '2026-01-22 14:36:58', '2026-02-19 13:51:41'),
	(4, 'premium', 'DMPRE00000004', NULL, NULL, 0, NULL, NULL, 13, 'activated', '2026-01-23 14:36:58', '2025-11-20 13:51:42', '2026-01-23 14:36:58', '2026-02-19 13:51:41'),
	(5, 'premium', 'DMPRE00000005', NULL, NULL, 0, NULL, NULL, 14, 'activated', '2026-01-24 14:36:58', '2026-01-01 13:51:42', '2026-01-24 14:36:58', '2026-02-19 13:51:41'),
	(6, 'gold', 'DMGOL00000006', NULL, NULL, 1, NULL, NULL, 15, 'activated', '2026-01-25 14:36:58', '2025-09-13 13:51:42', '2026-01-25 14:36:58', '2026-02-19 13:51:41'),
	(7, 'gold', 'DMGOL00000007', NULL, NULL, 0, NULL, NULL, 16, 'activated', '2026-01-26 14:36:58', '2026-01-13 13:51:42', '2026-01-26 14:36:58', '2026-02-19 13:51:41'),
	(8, 'corporate', 'DMCOR00000008', NULL, NULL, 0, NULL, NULL, 17, 'activated', '2026-01-27 14:36:58', '2025-10-13 13:51:42', '2026-01-27 14:36:58', '2026-02-19 13:51:41'),
	(9, 'student', 'DMSTU00000009', NULL, NULL, 0, NULL, NULL, 18, 'activated', '2026-01-28 14:36:58', '2025-08-28 13:51:42', '2026-01-28 14:36:58', '2026-02-19 13:51:41'),
	(10, 'student', 'DMSTU00000010', NULL, NULL, 1, NULL, NULL, 19, 'activated', '2026-01-29 14:36:58', '2025-08-24 13:51:42', '2026-01-29 14:36:58', '2026-02-19 13:51:41'),
	(11, 'standard', 'DMSTD00000011', NULL, NULL, 0, NULL, NULL, 1, 'assigned', '2026-01-30 14:36:58', NULL, '2026-01-30 14:36:58', '2026-02-01 14:36:58'),
	(12, 'standard', 'DMSTD00000012', NULL, NULL, 0, NULL, NULL, 11, 'assigned', '2026-01-31 14:36:58', NULL, '2026-01-31 14:36:58', '2026-02-02 14:36:58'),
	(13, 'premium', 'DMPRE00000013', NULL, NULL, 0, NULL, NULL, 12, 'assigned', '2026-02-01 14:36:58', NULL, '2026-02-01 14:36:58', '2026-02-03 14:36:58'),
	(14, 'premium', 'DMPRE00000014', NULL, NULL, 1, NULL, NULL, 13, 'assigned', '2026-02-02 14:36:58', NULL, '2026-02-02 14:36:58', '2026-02-04 14:36:58'),
	(15, 'gold', 'DMGOL00000015', NULL, NULL, 0, NULL, NULL, 14, 'assigned', '2026-02-03 14:36:58', NULL, '2026-02-03 14:36:58', '2026-02-05 14:36:58'),
	(16, 'standard', 'DMSTD00000016', NULL, NULL, 0, NULL, NULL, 15, 'activated', '2025-12-21 14:36:58', '2025-12-26 14:36:58', '2025-12-21 14:36:58', '2025-12-26 14:36:58'),
	(17, 'standard', 'DMSTD00000017', NULL, NULL, 1, NULL, NULL, 16, 'activated', '2025-12-23 14:36:58', '2025-12-29 14:36:58', '2025-12-23 14:36:58', '2025-12-29 14:36:58'),
	(18, 'premium', 'DMPRE00000018', NULL, NULL, 0, NULL, NULL, 17, 'activated', '2025-12-26 14:36:58', '2025-12-31 14:36:58', '2025-12-26 14:36:58', '2025-12-31 14:36:58'),
	(19, 'premium', 'DMPRE00000019', NULL, NULL, 0, NULL, NULL, 18, 'activated', '2025-12-29 14:36:58', '2026-01-02 14:36:58', '2025-12-29 14:36:58', '2026-01-02 14:36:58'),
	(20, 'gold', 'DMGOL00000020', NULL, NULL, 1, NULL, NULL, 19, 'activated', '2025-12-31 14:36:58', '2026-01-05 14:36:58', '2025-12-31 14:36:58', '2026-01-05 14:36:58'),
	(21, 'gold', 'DMGOL00000021', NULL, NULL, 0, NULL, NULL, 20, 'activated', '2026-01-02 14:36:58', '2026-01-07 14:36:58', '2026-01-02 14:36:58', '2026-01-07 14:36:58'),
	(22, 'corporate', 'DMCOR00000022', NULL, NULL, 0, NULL, NULL, 21, 'activated', '2026-01-05 14:36:58', '2026-01-10 14:36:58', '2026-01-05 14:36:58', '2026-01-10 14:36:58'),
	(23, 'student', 'DMSTU00000023', NULL, NULL, 0, NULL, NULL, 22, 'activated', '2026-01-08 14:36:58', '2026-01-13 14:36:58', '2026-01-08 14:36:58', '2026-01-13 14:36:58'),
	(24, 'corporate', 'DMCOR00000024', NULL, NULL, 0, 2, NULL, NULL, 'assigned', '2026-02-04 14:36:58', NULL, '2026-02-04 14:36:58', '2026-02-06 14:36:58'),
	(25, 'corporate', 'DMCOR00000025', NULL, NULL, 0, 3, NULL, NULL, 'assigned', '2026-02-05 14:36:58', NULL, '2026-02-05 14:36:58', '2026-02-07 14:36:58'),
	(26, 'standard', 'DMSTD00000026', NULL, NULL, 0, NULL, NULL, 23, 'blocked', '2026-01-10 14:36:58', '2026-01-15 14:36:58', '2026-01-10 14:36:58', '2026-02-14 14:36:58'),
	(27, 'premium', 'DMPRE00000027', NULL, NULL, 0, NULL, NULL, 24, 'blocked', '2026-01-12 14:36:58', NULL, '2026-01-12 14:36:58', '2026-02-15 14:36:58'),
	(28, 'gold', 'DMGOL00000028', NULL, NULL, 0, NULL, NULL, NULL, 'blocked', '2026-01-15 14:36:58', NULL, '2026-01-15 14:36:58', '2026-02-16 14:36:58'),
	(29, 'standard', 'DMSTD00000029', NULL, NULL, 0, NULL, NULL, 20, 'activated', '2026-02-19 14:36:58', '2025-11-11 13:51:42', '2026-02-19 14:36:58', '2026-02-19 13:51:41'),
	(30, 'premium', 'DMPRE00000030', NULL, NULL, 0, NULL, NULL, 21, 'activated', '2026-02-19 14:36:58', '2025-12-30 13:51:42', '2026-02-19 14:36:58', '2026-02-19 13:51:41'),
	(31, 'DMPREM', 'DMPREM-000031', '{"tier":"DMPREM","benefits":["discount","priority_service"],"max_redemptions":50}', '/assets/images/cards/dmprem-card.png', 1, NULL, NULL, 22, 'activated', '2026-02-19 13:51:41', '2025-10-17 13:51:42', '2026-02-19 13:51:41', '2026-02-19 13:51:41'),
	(32, 'DMSTD', 'DMSTD-000032', '{"tier":"DMSTD","benefits":["discount","priority_service"],"max_redemptions":50}', '/assets/images/cards/dmstd-card.png', 1, NULL, NULL, 23, 'activated', '2026-02-19 13:51:41', '2026-01-08 13:51:42', '2026-02-19 13:51:41', '2026-02-19 13:51:41'),
	(33, 'DMGOLD', 'DMGOLD-000033', '{"tier":"DMGOLD","benefits":["discount","priority_service"],"max_redemptions":50}', '/assets/images/cards/dmgold-card.png', 1, NULL, NULL, 24, 'activated', '2026-02-19 13:51:41', '2025-11-18 13:51:42', '2026-02-19 13:51:41', '2026-02-19 13:51:41'),
	(34, 'DMSILVER', 'DMSILVER-000034', '{"tier":"DMSILVER","benefits":["discount","priority_service"],"max_redemptions":50}', '/assets/images/cards/dmsilver-card.png', 1, NULL, NULL, 25, 'activated', '2026-02-19 13:51:41', '2026-02-01 13:51:42', '2026-02-19 13:51:41', '2026-02-19 13:51:41'),
	(35, 'DMBASIC', 'DMBASIC-000035', '{"tier":"DMBASIC","benefits":["discount","priority_service"],"max_redemptions":50}', '/assets/images/cards/dmbasic-card.png', 1, NULL, NULL, 26, 'activated', '2026-02-19 13:51:41', '2026-01-11 13:51:42', '2026-02-19 13:51:41', '2026-02-19 13:51:41'),
	(36, 'DMPREM', 'DMPREM-000036', '{"tier":"DMPREM","benefits":["discount","priority_service"],"max_redemptions":50}', '/assets/images/cards/dmprem-card.png', 1, NULL, NULL, 27, 'activated', '2026-02-19 13:51:41', '2025-09-08 13:51:42', '2026-02-19 13:51:41', '2026-02-19 13:51:41'),
	(37, 'DMSTD', 'DMSTD-000037', '{"tier":"DMSTD","benefits":["discount","priority_service"],"max_redemptions":50}', '/assets/images/cards/dmstd-card.png', 1, NULL, NULL, 28, 'activated', '2026-02-19 13:51:41', '2025-11-29 13:51:42', '2026-02-19 13:51:41', '2026-02-19 13:51:41'),
	(38, 'DMGOLD', 'DMGOLD-000038', '{"tier":"DMGOLD","benefits":["discount","priority_service"],"max_redemptions":50}', '/assets/images/cards/dmgold-card.png', 1, NULL, NULL, 29, 'activated', '2026-02-19 13:51:41', '2025-10-22 13:51:42', '2026-02-19 13:51:41', '2026-02-19 13:51:41'),
	(39, 'DMSILVER', 'DMSILVER-000039', '{"tier":"DMSILVER","benefits":["discount","priority_service"],"max_redemptions":50}', '/assets/images/cards/dmsilver-card.png', 1, NULL, NULL, 30, 'activated', '2026-02-19 13:51:41', '2026-01-10 13:51:42', '2026-02-19 13:51:41', '2026-02-19 13:51:41'),
	(40, 'DMBASIC', 'DMBASIC-000040', '{"tier":"DMBASIC","benefits":["discount","priority_service"],"max_redemptions":50}', '/assets/images/cards/dmbasic-card.png', 1, NULL, NULL, 31, 'activated', '2026-02-19 13:51:41', '2025-10-03 13:51:42', '2026-02-19 13:51:41', '2026-02-19 13:51:41'),
	(41, 'DMPREM', 'DMPREM-000041', '{"tier":"DMPREM","benefits":["discount","priority_service"],"max_redemptions":50}', '/assets/images/cards/dmprem-card.png', 1, NULL, NULL, 32, 'activated', '2026-02-19 13:51:41', '2025-12-23 13:51:42', '2026-02-19 13:51:41', '2026-02-19 13:51:41'),
	(42, 'DMSTD', 'DMSTD-000042', '{"tier":"DMSTD","benefits":["discount","priority_service"],"max_redemptions":50}', '/assets/images/cards/dmstd-card.png', 1, NULL, NULL, 33, 'activated', '2026-02-19 13:51:41', '2025-10-15 13:51:42', '2026-02-19 13:51:41', '2026-02-19 13:51:41'),
	(43, 'DMGOLD', 'DMGOLD-000043', '{"tier":"DMGOLD","benefits":["discount","priority_service"],"max_redemptions":50}', '/assets/images/cards/dmgold-card.png', 1, NULL, NULL, 34, 'activated', '2026-02-19 13:51:41', '2025-12-01 13:51:42', '2026-02-19 13:51:41', '2026-02-19 13:51:41'),
	(44, 'DMSILVER', 'DMSILVER-000044', '{"tier":"DMSILVER","benefits":["discount","priority_service"],"max_redemptions":50}', '/assets/images/cards/dmsilver-card.png', 1, NULL, NULL, 35, 'activated', '2026-02-19 13:51:41', '2025-09-30 13:51:42', '2026-02-19 13:51:41', '2026-02-19 13:51:41'),
	(45, 'DMBASIC', 'DMBASIC-000045', '{"tier":"DMBASIC","benefits":["discount","priority_service"],"max_redemptions":50}', '/assets/images/cards/dmbasic-card.png', 1, NULL, NULL, 36, 'activated', '2026-02-19 13:51:41', '2025-10-10 13:51:42', '2026-02-19 13:51:41', '2026-02-19 13:51:41'),
	(46, 'DMPREM', 'DMPREM-000046', '{"tier":"DMPREM","benefits":["discount","priority_service"],"max_redemptions":50}', '/assets/images/cards/dmprem-card.png', 1, NULL, NULL, 37, 'activated', '2026-02-19 13:51:41', '2026-01-12 13:51:42', '2026-02-19 13:51:41', '2026-02-19 13:51:41'),
	(47, 'DMSTD', 'DMSTD-000047', '{"tier":"DMSTD","benefits":["discount","priority_service"],"max_redemptions":50}', '/assets/images/cards/dmstd-card.png', 1, NULL, NULL, 38, 'activated', '2026-02-19 13:51:41', '2026-01-29 13:51:42', '2026-02-19 13:51:41', '2026-02-19 13:51:41'),
	(48, 'DMGOLD', 'DMGOLD-000048', '{"tier":"DMGOLD","benefits":["discount","priority_service"],"max_redemptions":50}', '/assets/images/cards/dmgold-card.png', 1, NULL, NULL, 39, 'activated', '2026-02-19 13:51:41', '2025-11-11 13:51:42', '2026-02-19 13:51:41', '2026-02-19 13:51:41'),
	(49, 'DMSILVER', 'DMSILVER-000049', '{"tier":"DMSILVER","benefits":["discount","priority_service"],"max_redemptions":50}', '/assets/images/cards/dmsilver-card.png', 1, NULL, NULL, 40, 'activated', '2026-02-19 13:51:41', '2025-11-03 13:51:42', '2026-02-19 13:51:41', '2026-02-19 13:51:41'),
	(50, 'DMBASIC', 'DMBASIC-000050', '{"tier":"DMBASIC","benefits":["discount","priority_service"],"max_redemptions":50}', '/assets/images/cards/dmbasic-card.png', 1, NULL, NULL, 41, 'activated', '2026-02-19 13:51:41', '2026-02-05 13:51:42', '2026-02-19 13:51:41', '2026-02-19 13:51:41'),
	(51, 'DMPREM', 'DMPREM-000051', '{"tier":"DMPREM","benefits":["discount","priority_service"],"max_redemptions":50}', '/assets/images/cards/dmprem-card.png', 1, NULL, NULL, 42, 'activated', '2026-02-19 13:51:41', '2025-08-31 13:51:42', '2026-02-19 13:51:41', '2026-02-19 13:51:41'),
	(52, 'DMSTD', 'DMSTD-000052', '{"tier":"DMSTD","benefits":["discount","priority_service"],"max_redemptions":50}', '/assets/images/cards/dmstd-card.png', 1, NULL, NULL, 43, 'activated', '2026-02-19 13:51:41', '2026-01-13 13:51:42', '2026-02-19 13:51:41', '2026-02-19 13:51:41'),
	(53, 'DMGOLD', 'DMGOLD-000053', '{"tier":"DMGOLD","benefits":["discount","priority_service"],"max_redemptions":50}', '/assets/images/cards/dmgold-card.png', 1, NULL, NULL, 44, 'activated', '2026-02-19 13:51:41', '2025-11-17 13:51:42', '2026-02-19 13:51:41', '2026-02-19 13:51:41'),
	(54, 'DMSILVER', 'DMSILVER-000054', '{"tier":"DMSILVER","benefits":["discount","priority_service"],"max_redemptions":50}', '/assets/images/cards/dmsilver-card.png', 1, NULL, NULL, 45, 'activated', '2026-02-19 13:51:41', '2026-01-21 13:51:42', '2026-02-19 13:51:41', '2026-02-19 13:51:41'),
	(55, 'DMBASIC', 'DMBASIC-000055', '{"tier":"DMBASIC","benefits":["discount","priority_service"],"max_redemptions":50}', '/assets/images/cards/dmbasic-card.png', 1, NULL, NULL, 46, 'activated', '2026-02-19 13:51:41', '2025-11-09 13:51:42', '2026-02-19 13:51:41', '2026-02-19 13:51:41'),
	(56, 'DMPREM', 'DMPREM-000056', '{"tier":"DMPREM","benefits":["discount","priority_service"],"max_redemptions":50}', '/assets/images/cards/dmprem-card.png', 1, NULL, NULL, 47, 'activated', '2026-02-19 13:51:41', '2025-12-02 13:51:42', '2026-02-19 13:51:41', '2026-02-19 13:51:41'),
	(57, 'DMSTD', 'DMSTD-000057', '{"tier":"DMSTD","benefits":["discount","priority_service"],"max_redemptions":50}', '/assets/images/cards/dmstd-card.png', 1, NULL, NULL, 48, 'activated', '2026-02-19 13:51:41', '2025-10-15 13:51:42', '2026-02-19 13:51:41', '2026-02-19 13:51:41'),
	(58, 'DMGOLD', 'DMGOLD-000058', '{"tier":"DMGOLD","benefits":["discount","priority_service"],"max_redemptions":50}', '/assets/images/cards/dmgold-card.png', 1, NULL, NULL, 49, 'activated', '2026-02-19 13:51:41', '2025-10-25 13:51:42', '2026-02-19 13:51:41', '2026-02-19 13:51:41'),
	(59, 'DMSILVER', 'DMSILVER-000059', '{"tier":"DMSILVER","benefits":["discount","priority_service"],"max_redemptions":50}', '/assets/images/cards/dmsilver-card.png', 1, NULL, NULL, 50, 'activated', '2026-02-19 13:51:41', '2025-09-26 13:51:42', '2026-02-19 13:51:41', '2026-02-19 13:51:41'),
	(60, 'DMBASIC', 'DMBASIC-000060', '{"tier":"DMBASIC","benefits":["discount","priority_service"],"max_redemptions":50}', '/assets/images/cards/dmbasic-card.png', 1, NULL, NULL, 51, 'activated', '2026-02-19 13:51:41', '2026-01-19 13:51:42', '2026-02-19 13:51:41', '2026-02-19 13:51:41'),
	(61, 'DMPREM', 'DMPREM-000061', '{"tier":"DMPREM","benefits":["discount","priority_service"],"max_redemptions":50}', '/assets/images/cards/dmprem-card.png', 1, NULL, NULL, 52, 'activated', '2026-02-19 13:51:41', '2025-11-16 13:51:42', '2026-02-19 13:51:41', '2026-02-19 13:51:41'),
	(62, 'DMSTD', 'DMSTD-000062', '{"tier":"DMSTD","benefits":["discount","priority_service"],"max_redemptions":50}', '/assets/images/cards/dmstd-card.png', 1, NULL, NULL, 53, 'activated', '2026-02-19 13:51:41', '2025-09-19 13:51:42', '2026-02-19 13:51:41', '2026-02-19 13:51:41'),
	(63, 'DMGOLD', 'DMGOLD-000063', '{"tier":"DMGOLD","benefits":["discount","priority_service"],"max_redemptions":50}', '/assets/images/cards/dmgold-card.png', 1, NULL, NULL, 54, 'activated', '2026-02-19 13:51:41', '2025-09-01 13:51:42', '2026-02-19 13:51:41', '2026-02-19 13:51:41'),
	(64, 'DMSILVER', 'DMSILVER-000064', '{"tier":"DMSILVER","benefits":["discount","priority_service"],"max_redemptions":50}', '/assets/images/cards/dmsilver-card.png', 1, NULL, NULL, 55, 'activated', '2026-02-19 13:51:41', '2025-10-11 13:51:42', '2026-02-19 13:51:41', '2026-02-19 13:51:41'),
	(65, 'DMBASIC', 'DMBASIC-000065', '{"tier":"DMBASIC","benefits":["discount","priority_service"],"max_redemptions":50}', '/assets/images/cards/dmbasic-card.png', 1, NULL, NULL, 56, 'activated', '2026-02-19 13:51:41', '2025-10-10 13:51:42', '2026-02-19 13:51:41', '2026-02-19 13:51:41'),
	(66, 'DMPREM', 'DMPREM-000066', '{"tier":"DMPREM","benefits":["discount","priority_service"],"max_redemptions":50}', '/assets/images/cards/dmprem-card.png', 1, NULL, NULL, 57, 'activated', '2026-02-19 13:51:41', '2025-11-02 13:51:42', '2026-02-19 13:51:41', '2026-02-19 13:51:41'),
	(67, 'DMSTD', 'DMSTD-000067', '{"tier":"DMSTD","benefits":["discount","priority_service"],"max_redemptions":50}', '/assets/images/cards/dmstd-card.png', 1, NULL, NULL, 58, 'activated', '2026-02-19 13:51:41', '2026-01-03 13:51:42', '2026-02-19 13:51:41', '2026-02-19 13:51:41'),
	(68, 'DMGOLD', 'DMGOLD-000068', '{"tier":"DMGOLD","benefits":["discount","priority_service"],"max_redemptions":50}', '/assets/images/cards/dmgold-card.png', 1, NULL, NULL, 59, 'activated', '2026-02-19 13:51:41', '2025-10-25 13:51:42', '2026-02-19 13:51:41', '2026-02-19 13:51:41'),
	(69, 'DMSILVER', 'DMSILVER-000069', '{"tier":"DMSILVER","benefits":["discount","priority_service"],"max_redemptions":50}', '/assets/images/cards/dmsilver-card.png', 1, NULL, NULL, 60, 'activated', '2026-02-19 13:51:41', '2025-09-02 13:51:42', '2026-02-19 13:51:41', '2026-02-19 13:51:41'),
	(70, 'DMBASIC', 'DMBASIC-000070', '{"tier":"DMBASIC","benefits":["discount","priority_service"],"max_redemptions":50}', '/assets/images/cards/dmbasic-card.png', 1, NULL, NULL, NULL, 'available', '2026-02-19 13:51:41', NULL, '2026-02-19 13:51:41', '2026-02-19 13:51:41'),
	(71, 'DMPREM', 'DMPREM-000071', '{"tier":"DMPREM","benefits":["discount","priority_service"],"max_redemptions":50}', '/assets/images/cards/dmprem-card.png', 1, NULL, NULL, NULL, 'available', '2026-02-19 13:51:41', NULL, '2026-02-19 13:51:41', '2026-02-19 13:51:41'),
	(72, 'DMSTD', 'DMSTD-000072', '{"tier":"DMSTD","benefits":["discount","priority_service"],"max_redemptions":50}', '/assets/images/cards/dmstd-card.png', 1, NULL, NULL, NULL, 'available', '2026-02-19 13:51:41', NULL, '2026-02-19 13:51:41', '2026-02-19 13:51:41'),
	(73, 'DMGOLD', 'DMGOLD-000073', '{"tier":"DMGOLD","benefits":["discount","priority_service"],"max_redemptions":50}', '/assets/images/cards/dmgold-card.png', 1, NULL, NULL, NULL, 'available', '2026-02-19 13:51:41', NULL, '2026-02-19 13:51:41', '2026-02-19 13:51:41'),
	(74, 'DMSILVER', 'DMSILVER-000074', '{"tier":"DMSILVER","benefits":["discount","priority_service"],"max_redemptions":50}', '/assets/images/cards/dmsilver-card.png', 1, NULL, NULL, NULL, 'available', '2026-02-19 13:51:41', NULL, '2026-02-19 13:51:41', '2026-02-19 13:51:41'),
	(75, 'DMBASIC', 'DMBASIC-000075', '{"tier":"DMBASIC","benefits":["discount","priority_service"],"max_redemptions":50}', '/assets/images/cards/dmbasic-card.png', 1, NULL, NULL, NULL, 'available', '2026-02-19 13:51:41', NULL, '2026-02-19 13:51:41', '2026-02-19 13:51:41'),
	(76, 'DMPREM', 'DMPREM-000076', '{"tier":"DMPREM","benefits":["discount","priority_service"],"max_redemptions":50}', '/assets/images/cards/dmprem-card.png', 1, NULL, NULL, NULL, 'available', '2026-02-19 13:51:41', NULL, '2026-02-19 13:51:41', '2026-02-19 13:51:41'),
	(77, 'DMSTD', 'DMSTD-000077', '{"tier":"DMSTD","benefits":["discount","priority_service"],"max_redemptions":50}', '/assets/images/cards/dmstd-card.png', 1, NULL, NULL, NULL, 'available', '2026-02-19 13:51:41', NULL, '2026-02-19 13:51:41', '2026-02-19 13:51:41'),
	(78, 'DMGOLD', 'DMGOLD-000078', '{"tier":"DMGOLD","benefits":["discount","priority_service"],"max_redemptions":50}', '/assets/images/cards/dmgold-card.png', 1, NULL, NULL, NULL, 'available', '2026-02-19 13:51:41', NULL, '2026-02-19 13:51:41', '2026-02-19 13:51:41'),
	(79, 'DMSILVER', 'DMSILVER-000079', '{"tier":"DMSILVER","benefits":["discount","priority_service"],"max_redemptions":50}', '/assets/images/cards/dmsilver-card.png', 1, NULL, NULL, NULL, 'available', '2026-02-19 13:51:41', NULL, '2026-02-19 13:51:41', '2026-02-19 13:51:41'),
	(80, 'DMBASIC', 'DMBASIC-000080', '{"tier":"DMBASIC","benefits":["discount","priority_service"],"max_redemptions":50}', '/assets/images/cards/dmbasic-card.png', 1, NULL, NULL, NULL, 'available', '2026-02-19 13:51:41', NULL, '2026-02-19 13:51:41', '2026-02-19 13:51:41');

-- Dumping structure for table deal_machan.cities
CREATE TABLE IF NOT EXISTS `cities` (
  `id` int(10) unsigned NOT NULL AUTO_INCREMENT,
  `city_name` varchar(100) NOT NULL,
  `state` varchar(100) NOT NULL,
  `country` varchar(100) NOT NULL DEFAULT 'India',
  `status` enum('active','inactive') NOT NULL DEFAULT 'active',
  `created_at` timestamp NOT NULL DEFAULT current_timestamp(),
  `updated_at` timestamp NULL DEFAULT NULL ON UPDATE current_timestamp(),
  PRIMARY KEY (`id`),
  KEY `idx_city_status` (`status`),
  KEY `idx_city_name` (`city_name`)
) ENGINE=InnoDB AUTO_INCREMENT=11 DEFAULT CHARSET=utf8mb4 COLLATE=utf8mb4_unicode_ci;

-- Dumping data for table deal_machan.cities: ~10 rows (approximately)
INSERT INTO `cities` (`id`, `city_name`, `state`, `country`, `status`, `created_at`, `updated_at`) VALUES
	(1, 'Thiruvananthapuram', 'Kerala', 'India', 'active', '2025-10-22 10:06:11', NULL),
	(2, 'Kochi', 'Kerala', 'India', 'active', '2025-10-22 10:06:11', NULL),
	(3, 'Kozhikode', 'Kerala', 'India', 'active', '2025-10-22 10:06:11', NULL),
	(4, 'Thrissur', 'Kerala', 'India', 'active', '2025-10-22 10:06:11', NULL),
	(5, 'Kollam', 'Kerala', 'India', 'active', '2025-10-22 10:06:11', NULL),
	(6, 'Kottayam', 'Kerala', 'India', 'active', '2025-10-22 10:06:11', NULL),
	(7, 'Alappuzha', 'Kerala', 'India', 'active', '2025-10-22 10:06:11', NULL),
	(8, 'Kannur', 'Kerala', 'India', 'active', '2025-10-22 10:06:11', NULL),
	(9, 'Palakkad', 'Kerala', 'India', 'active', '2025-10-22 10:06:11', NULL),
	(10, 'Malappuram', 'Kerala', 'India', 'active', '2025-10-22 10:06:11', NULL);

-- Dumping structure for table deal_machan.contest_participants
CREATE TABLE IF NOT EXISTS `contest_participants` (
  `id` int(10) unsigned NOT NULL AUTO_INCREMENT,
  `contest_id` int(10) unsigned NOT NULL,
  `customer_id` int(10) unsigned NOT NULL,
  `entry_data_json` longtext CHARACTER SET utf8mb4 COLLATE utf8mb4_bin DEFAULT NULL CHECK (json_valid(`entry_data_json`)),
  `participated_at` timestamp NOT NULL DEFAULT current_timestamp(),
  PRIMARY KEY (`id`),
  UNIQUE KEY `uk_contest_customer` (`contest_id`,`customer_id`),
  KEY `idx_contest_id` (`contest_id`),
  KEY `idx_customer_id` (`customer_id`),
  CONSTRAINT `fk_contest_participants_contest` FOREIGN KEY (`contest_id`) REFERENCES `contests` (`id`) ON DELETE CASCADE,
  CONSTRAINT `fk_contest_participants_customer` FOREIGN KEY (`customer_id`) REFERENCES `customers` (`id`) ON DELETE CASCADE
) ENGINE=InnoDB AUTO_INCREMENT=24 DEFAULT CHARSET=utf8mb4 COLLATE=utf8mb4_unicode_ci;

-- Dumping data for table deal_machan.contest_participants: ~23 rows (approximately)
INSERT INTO `contest_participants` (`id`, `contest_id`, `customer_id`, `entry_data_json`, `participated_at`) VALUES
	(1, 1, 1, '{"coupons_redeemed":5,"total_savings":971}', '2026-01-25 12:26:36'),
	(2, 1, 13, '{"coupons_redeemed":12,"total_savings":1839}', '2026-01-28 12:26:36'),
	(3, 1, 15, '{"coupons_redeemed":9,"total_savings":1762}', '2026-01-31 12:26:36'),
	(4, 1, 16, '{"coupons_redeemed":7,"total_savings":1353}', '2026-02-03 12:26:36'),
	(5, 1, 18, '{"coupons_redeemed":6,"total_savings":1572}', '2026-02-06 12:26:36'),
	(6, 1, 20, '{"coupons_redeemed":13,"total_savings":251}', '2026-02-09 12:26:36'),
	(7, 2, 15, '{"reviews_count":2}', '2026-02-12 12:26:36'),
	(8, 2, 16, '{"reviews_count":2}', '2026-02-18 12:26:36'),
	(9, 2, 18, '{"reviews_count":6}', '2026-02-14 12:26:36'),
	(10, 2, 20, '{"reviews_count":5}', '2026-02-15 12:26:36'),
	(11, 2, 21, '{"reviews_count":8}', '2026-02-13 12:26:36'),
	(12, 2, 1, '{"reviews_count":5}', '2026-02-11 12:45:27'),
	(13, 2, 11, '{"reviews_count":9}', '2026-02-13 12:45:27'),
	(14, 2, 12, '{"reviews_count":7}', '2026-02-12 12:45:27'),
	(15, 2, 13, '{"reviews_count":10}', '2026-02-11 12:45:27'),
	(16, 5, 16, '{"photo_url":"uploads\\/contest\\/16.jpg","votes":52}', '2026-01-26 12:45:27'),
	(17, 5, 15, '{"photo_url":"uploads\\/contest\\/15.jpg","votes":15}', '2026-01-24 12:45:27'),
	(18, 5, 14, '{"photo_url":"uploads\\/contest\\/14.jpg","votes":7}', '2026-01-27 12:45:27'),
	(19, 5, 17, '{"photo_url":"uploads\\/contest\\/17.jpg","votes":27}', '2026-01-31 12:45:27'),
	(20, 5, 1, '{"photo_url":"uploads\\/contest\\/1.jpg","votes":19}', '2026-01-23 12:45:27'),
	(21, 5, 19, '{"photo_url":"uploads\\/contest\\/19.jpg","votes":83}', '2026-01-16 12:45:27'),
	(22, 5, 24, '{"photo_url":"uploads\\/contest\\/24.jpg","votes":11}', '2026-01-10 12:45:27'),
	(23, 5, 22, '{"photo_url":"uploads\\/contest\\/22.jpg","votes":28}', '2026-01-25 12:45:27');

-- Dumping structure for table deal_machan.contest_winners
CREATE TABLE IF NOT EXISTS `contest_winners` (
  `id` int(10) unsigned NOT NULL AUTO_INCREMENT,
  `contest_id` int(10) unsigned NOT NULL,
  `customer_id` int(10) unsigned NOT NULL,
  `position` int(11) NOT NULL COMMENT '1 for first place, 2 for second, etc.',
  `prize_details` text DEFAULT NULL,
  `announced_at` timestamp NOT NULL DEFAULT current_timestamp(),
  PRIMARY KEY (`id`),
  UNIQUE KEY `uk_contest_position` (`contest_id`,`position`),
  KEY `idx_contest_id` (`contest_id`),
  KEY `idx_customer_id` (`customer_id`),
  CONSTRAINT `fk_contest_winners_contest` FOREIGN KEY (`contest_id`) REFERENCES `contests` (`id`) ON DELETE CASCADE,
  CONSTRAINT `fk_contest_winners_customer` FOREIGN KEY (`customer_id`) REFERENCES `customers` (`id`) ON DELETE CASCADE
) ENGINE=InnoDB AUTO_INCREMENT=7 DEFAULT CHARSET=utf8mb4 COLLATE=utf8mb4_unicode_ci;

-- Dumping data for table deal_machan.contest_winners: ~6 rows (approximately)
INSERT INTO `contest_winners` (`id`, `contest_id`, `customer_id`, `position`, `prize_details`, `announced_at`) VALUES
	(1, 1, 1, 1, '₹2,000 Cash Voucher + Premium Membership', '2026-01-22 12:26:36'),
	(2, 1, 13, 2, '₹1,000 Shopping Voucher', '2026-01-22 12:26:36'),
	(3, 1, 15, 3, '₹500 Dining Voucher', '2026-01-22 12:26:36'),
	(4, 5, 16, 1, '₹3,000 Shopping Voucher + 3-Month Premium Membership', '2026-02-05 12:45:27'),
	(5, 5, 15, 2, '₹1,500 Dining Experience at Partner Restaurant', '2026-02-05 12:45:27'),
	(6, 5, 14, 3, '₹750 Gift Hamper + 1-Month Premium Membership', '2026-02-05 12:45:27');

-- Dumping structure for table deal_machan.contests
CREATE TABLE IF NOT EXISTS `contests` (
  `id` int(10) unsigned NOT NULL AUTO_INCREMENT,
  `title` varchar(255) NOT NULL,
  `description` text DEFAULT NULL,
  `rules_json` longtext CHARACTER SET utf8mb4 COLLATE utf8mb4_bin DEFAULT NULL CHECK (json_valid(`rules_json`)),
  `start_date` timestamp NULL DEFAULT NULL,
  `end_date` timestamp NULL DEFAULT NULL,
  `status` enum('draft','active','completed','cancelled') NOT NULL DEFAULT 'draft',
  `created_by_admin_id` int(10) unsigned NOT NULL,
  `created_at` timestamp NOT NULL DEFAULT current_timestamp(),
  `updated_at` timestamp NULL DEFAULT NULL ON UPDATE current_timestamp(),
  PRIMARY KEY (`id`),
  KEY `idx_status` (`status`),
  KEY `idx_dates` (`start_date`,`end_date`),
  KEY `idx_created_by` (`created_by_admin_id`),
  CONSTRAINT `fk_contests_admin` FOREIGN KEY (`created_by_admin_id`) REFERENCES `admins` (`id`) ON DELETE CASCADE
) ENGINE=InnoDB AUTO_INCREMENT=6 DEFAULT CHARSET=utf8mb4 COLLATE=utf8mb4_unicode_ci;

-- Dumping data for table deal_machan.contests: ~5 rows (approximately)
INSERT INTO `contests` (`id`, `title`, `description`, `rules_json`, `start_date`, `end_date`, `status`, `created_by_admin_id`, `created_at`, `updated_at`) VALUES
	(1, 'Best Deal Hunter — Summer 2024', 'Find the most savings using Deal Machan coupons this summer! The customer who saves the most wins.', '["Participant must redeem at least 5 coupons during contest period","Savings calculated based on total discount value","One entry per customer","Winners announced on 30th June 2024"]', '2024-05-31 18:30:00', '2024-06-30 18:29:59', 'completed', 1, '2026-02-19 16:56:36', NULL),
	(2, 'Merchant Review Champion', 'Write the most helpful reviews for our partner merchants and win exciting prizes.', '["Write reviews for at least 3 different merchants","Each review must be at least 50 words","Reviews must be genuine and non-duplicate","Top 3 reviewers win prizes"]', '2026-02-09 12:26:36', '2026-03-11 12:26:36', 'completed', 1, '2026-02-19 16:56:36', '2026-02-19 17:15:51'),
	(3, 'Refer & Win — Monsoon Edition', 'Refer the most new customers to Deal Machan and win cashback rewards.', '["Each successful referral counts as 1 point","Referral is valid only if the new customer makes a purchase","Contest runs for the entire month"]', '2026-02-24 12:26:36', '2026-03-26 12:26:36', 'draft', 2, '2026-02-19 16:56:36', NULL),
	(4, 'Photo Contest — Dine & Click', 'Share your dining experience photos at our partner restaurants.', '["Photo must be taken at a registered partner restaurant","Minimum resolution: 1080\\u00d71080px","Tag @DealMachan on social media"]', '2025-12-21 12:26:36', '2026-01-20 12:26:36', 'cancelled', 1, '2026-02-19 16:56:36', NULL),
	(5, 'Best Dressed Festive Season', 'Share photos of your most festive look while shopping at partner stores. Win exciting prizes!', '["Outfit must be worn during a visit to a registered partner merchant","One submission per customer","Photo must include visible Deal Machan branding or coupon","Judged on creativity, festive spirit, and presentation"]', '2026-01-05 12:45:27', '2026-02-04 12:45:27', 'completed', 1, '2026-02-19 17:15:27', NULL);

-- Dumping structure for table deal_machan.coupon_redemptions
CREATE TABLE IF NOT EXISTS `coupon_redemptions` (
  `id` int(10) unsigned NOT NULL AUTO_INCREMENT,
  `coupon_id` int(10) unsigned NOT NULL,
  `customer_id` int(10) unsigned NOT NULL,
  `store_id` int(10) unsigned DEFAULT NULL,
  `redeemed_at` timestamp NOT NULL DEFAULT current_timestamp(),
  `redemption_location` varchar(255) DEFAULT NULL,
  `discount_amount` decimal(10,2) NOT NULL,
  `transaction_amount` decimal(10,2) DEFAULT NULL,
  `verified_by_merchant` tinyint(1) NOT NULL DEFAULT 0,
  PRIMARY KEY (`id`),
  KEY `idx_coupon_id` (`coupon_id`),
  KEY `idx_customer_id` (`customer_id`),
  KEY `idx_store_id` (`store_id`),
  KEY `idx_redeemed_at` (`redeemed_at`),
  CONSTRAINT `fk_redemptions_coupon` FOREIGN KEY (`coupon_id`) REFERENCES `coupons` (`id`) ON DELETE CASCADE,
  CONSTRAINT `fk_redemptions_customer` FOREIGN KEY (`customer_id`) REFERENCES `customers` (`id`) ON DELETE CASCADE,
  CONSTRAINT `fk_redemptions_store` FOREIGN KEY (`store_id`) REFERENCES `stores` (`id`) ON DELETE SET NULL
) ENGINE=InnoDB AUTO_INCREMENT=86 DEFAULT CHARSET=utf8mb4 COLLATE=utf8mb4_unicode_ci;

-- Dumping data for table deal_machan.coupon_redemptions: ~63 rows (approximately)
INSERT INTO `coupon_redemptions` (`id`, `coupon_id`, `customer_id`, `store_id`, `redeemed_at`, `redemption_location`, `discount_amount`, `transaction_amount`, `verified_by_merchant`) VALUES
	(2, 25, 17, 24, '2025-10-27 13:52:23', 'Self-Service Kiosk', 512.93, 4663.00, 1),
	(3, 35, 25, 33, '2025-09-15 13:52:23', 'In-Store', 68.00, 400.00, 0),
	(4, 53, 59, 12, '2026-02-04 13:52:23', 'Self-Service Kiosk', 858.80, 4294.00, 1),
	(5, 15, 60, 15, '2025-12-28 13:52:23', 'At Counter', 336.38, 1529.00, 1),
	(6, 40, 49, 37, '2025-10-15 13:52:23', 'Online Redemption', 481.88, 3442.00, 1),
	(7, 24, 52, 23, '2025-12-19 13:52:23', 'At Counter', 205.38, 1467.00, 0),
	(8, 50, 16, 8, '2025-08-30 13:52:23', 'Self-Service Kiosk', 425.41, 2239.00, 0),
	(9, 9, 33, 9, '2025-12-16 13:52:23', 'At Counter', 171.82, 781.00, 0),
	(10, 33, 40, 31, '2025-09-16 13:52:23', 'In-Store', 193.60, 1936.00, 1),
	(14, 30, 44, 29, '2026-01-10 13:52:23', 'At Counter', 431.20, 4312.00, 0),
	(15, 19, 12, 19, '2026-01-27 13:52:23', 'At Counter', 581.02, 2641.00, 1),
	(16, 33, 59, 31, '2026-02-17 13:52:23', 'In-Store', 780.78, 3549.00, 0),
	(17, 12, 27, 12, '2025-09-09 13:52:23', 'In-Store', 378.75, 1515.00, 1),
	(18, 49, 28, 41, '2025-10-13 13:52:23', 'In-Store', 125.82, 1398.00, 1),
	(19, 7, 1, 7, '2025-09-06 13:52:23', 'Online Redemption', 410.02, 3154.00, 1),
	(20, 30, 36, 29, '2026-01-26 13:52:23', 'Self-Service Kiosk', 432.32, 2702.00, 0),
	(21, 48, 21, 6, '2026-02-15 13:52:23', 'Online Redemption', 488.20, 4882.00, 0),
	(22, 22, 31, 21, '2026-02-17 13:52:23', 'Self-Service Kiosk', 172.40, 862.00, 1),
	(23, 23, 13, 22, '2025-12-25 13:52:23', 'At Counter', 195.84, 1632.00, 0),
	(24, 3, 60, 3, '2025-10-06 13:52:23', 'Self-Service Kiosk', 588.25, 4525.00, 0),
	(25, 40, 54, 37, '2026-02-03 13:52:23', 'Self-Service Kiosk', 114.10, 1630.00, 0),
	(26, 32, 46, 29, '2025-12-15 13:52:23', 'In-Store', 651.52, 4072.00, 1),
	(27, 42, 47, 2, '2025-08-25 13:52:23', 'In-Store', 241.80, 4836.00, 0),
	(30, 41, 15, 1, '2025-11-05 13:52:23', 'Online Redemption', 631.12, 4508.00, 0),
	(31, 50, 11, 8, '2025-10-27 13:52:23', 'Online Redemption', 295.96, 4228.00, 1),
	(32, 53, 47, 12, '2026-02-07 13:52:23', 'In-Store', 52.08, 372.00, 0),
	(33, 13, 50, 13, '2025-11-29 13:52:23', 'In-Store', 429.94, 3071.00, 1),
	(34, 42, 17, 2, '2025-12-03 13:52:23', 'Online Redemption', 631.68, 4512.00, 0),
	(35, 11, 13, 11, '2026-01-29 13:52:23', 'Self-Service Kiosk', 29.61, 423.00, 1),
	(36, 17, 57, 17, '2025-10-13 13:52:23', 'At Counter', 635.00, 2540.00, 0),
	(38, 50, 17, 8, '2026-01-24 13:52:23', 'Online Redemption', 215.46, 1026.00, 0),
	(41, 49, 41, 41, '2025-11-23 13:52:23', 'At Counter', 254.70, 1415.00, 0),
	(42, 43, 49, 3, '2026-02-06 13:52:23', 'Online Redemption', 496.05, 3307.00, 1),
	(43, 47, 13, 39, '2025-10-06 13:52:23', 'Self-Service Kiosk', 183.00, 3050.00, 1),
	(44, 4, 44, 4, '2025-12-08 13:52:23', 'In-Store', 430.80, 1795.00, 1),
	(47, 12, 18, 12, '2025-11-18 13:52:23', 'In-Store', 322.30, 1465.00, 1),
	(48, 31, 33, 30, '2026-02-05 13:52:23', 'Online Redemption', 62.20, 311.00, 0),
	(49, 10, 18, 10, '2025-10-20 13:52:23', 'In-Store', 627.00, 3135.00, 0),
	(50, 32, 14, 29, '2025-09-12 13:52:23', 'Self-Service Kiosk', 504.30, 3362.00, 1),
	(51, 8, 1, 8, '2025-09-19 13:52:23', 'In-Store', 750.21, 4413.00, 1),
	(52, 49, 35, 41, '2025-09-01 13:52:23', 'Online Redemption', 428.40, 2380.00, 0),
	(53, 26, 46, 25, '2025-12-30 13:52:23', 'In-Store', 538.75, 2155.00, 0),
	(54, 39, 29, 36, '2025-10-29 13:52:23', 'Self-Service Kiosk', 247.92, 1033.00, 0),
	(55, 6, 22, 6, '2025-11-01 13:52:23', 'Self-Service Kiosk', 357.72, 3252.00, 0),
	(56, 16, 26, 16, '2025-12-05 13:52:23', 'At Counter', 241.34, 2194.00, 0),
	(57, 38, 36, 35, '2026-01-10 13:52:23', 'At Counter', 409.63, 3151.00, 0),
	(58, 21, 1, 20, '2026-01-12 13:52:23', 'Self-Service Kiosk', 244.00, 1525.00, 1),
	(59, 49, 12, 41, '2026-02-04 13:52:23', 'At Counter', 112.56, 938.00, 0),
	(60, 47, 25, 39, '2025-11-06 13:52:23', 'Online Redemption', 520.88, 3064.00, 0),
	(61, 54, 58, 13, '2025-10-11 13:52:23', 'Online Redemption', 246.55, 4931.00, 1),
	(62, 25, 34, 24, '2026-01-26 13:52:23', 'Online Redemption', 100.49, 773.00, 1),
	(63, 18, 1, 18, '2025-11-21 13:52:23', 'At Counter', 230.50, 4610.00, 1),
	(64, 16, 51, 16, '2025-10-08 13:52:23', 'At Counter', 523.53, 2493.00, 0),
	(65, 52, 16, 10, '2025-11-10 13:52:23', 'At Counter', 108.80, 640.00, 1),
	(66, 9, 38, 9, '2026-02-15 13:52:23', 'At Counter', 493.68, 4488.00, 1),
	(67, 51, 54, 43, '2025-09-01 13:52:23', 'Self-Service Kiosk', 670.20, 4468.00, 1),
	(69, 37, 25, 34, '2025-11-15 13:52:23', 'At Counter', 373.75, 1625.00, 1),
	(70, 54, 49, 13, '2025-10-07 13:52:23', 'Online Redemption', 400.32, 4448.00, 0),
	(71, 33, 24, 31, '2025-11-13 13:52:23', 'Self-Service Kiosk', 273.41, 1439.00, 0),
	(72, 37, 23, 34, '2025-10-19 13:52:23', 'Online Redemption', 468.30, 4683.00, 0),
	(74, 21, 17, 20, '2026-02-11 13:52:23', 'Online Redemption', 301.60, 3770.00, 1),
	(75, 1, 49, 1, '2025-12-14 13:52:23', 'Self-Service Kiosk', 272.09, 3887.00, 1),
	(76, 41, 1, 1, '2026-02-14 13:52:23', 'In-Store', 80.00, 400.00, 1);

-- Dumping structure for table deal_machan.coupon_subscriptions
CREATE TABLE IF NOT EXISTS `coupon_subscriptions` (
  `id` int(10) unsigned NOT NULL AUTO_INCREMENT,
  `customer_id` int(10) unsigned NOT NULL,
  `coupon_id` int(10) unsigned NOT NULL,
  `subscribed_at` timestamp NOT NULL DEFAULT current_timestamp(),
  PRIMARY KEY (`id`),
  UNIQUE KEY `uk_customer_coupon` (`customer_id`,`coupon_id`),
  KEY `idx_customer_id` (`customer_id`),
  KEY `idx_coupon_id` (`coupon_id`),
  CONSTRAINT `fk_coupon_subs_coupon` FOREIGN KEY (`coupon_id`) REFERENCES `coupons` (`id`) ON DELETE CASCADE,
  CONSTRAINT `fk_coupon_subs_customer` FOREIGN KEY (`customer_id`) REFERENCES `customers` (`id`) ON DELETE CASCADE
) ENGINE=InnoDB AUTO_INCREMENT=55 DEFAULT CHARSET=utf8mb4 COLLATE=utf8mb4_unicode_ci;

-- Dumping data for table deal_machan.coupon_subscriptions: ~54 rows (approximately)
INSERT INTO `coupon_subscriptions` (`id`, `customer_id`, `coupon_id`, `subscribed_at`) VALUES
	(1, 38, 32, '2025-12-03 13:53:35'),
	(2, 31, 21, '2025-12-05 13:53:35'),
	(3, 54, 19, '2026-02-13 13:53:35'),
	(4, 15, 27, '2026-02-11 13:53:35'),
	(5, 23, 33, '2025-11-23 13:53:35'),
	(6, 39, 33, '2026-02-07 13:53:35'),
	(7, 24, 24, '2025-12-12 13:53:35'),
	(8, 11, 24, '2026-01-05 13:53:35'),
	(9, 30, 23, '2025-12-14 13:53:35'),
	(10, 31, 39, '2025-11-27 13:53:35'),
	(11, 60, 30, '2025-12-31 13:53:35'),
	(12, 19, 31, '2026-02-15 13:53:35'),
	(13, 24, 19, '2025-11-28 13:53:35'),
	(14, 37, 24, '2026-01-30 13:53:35'),
	(15, 40, 36, '2025-11-29 13:53:35'),
	(16, 48, 17, '2026-01-07 13:53:35'),
	(17, 31, 34, '2025-12-10 13:53:35'),
	(18, 31, 38, '2025-12-17 13:53:35'),
	(19, 19, 28, '2026-02-11 13:53:35'),
	(20, 52, 26, '2025-12-29 13:53:35'),
	(21, 14, 17, '2025-12-26 13:53:35'),
	(22, 50, 18, '2026-02-05 13:53:35'),
	(23, 22, 24, '2025-11-21 13:53:35'),
	(24, 39, 37, '2026-01-24 13:53:35'),
	(25, 59, 30, '2025-11-22 13:53:35'),
	(26, 19, 18, '2026-02-05 13:53:35'),
	(27, 39, 22, '2025-11-22 13:53:35'),
	(28, 48, 16, '2025-12-18 13:53:35'),
	(29, 38, 17, '2026-02-08 13:53:35'),
	(30, 43, 36, '2025-12-19 13:53:35'),
	(31, 58, 23, '2025-12-23 13:53:35'),
	(32, 36, 35, '2025-12-15 13:53:35'),
	(33, 24, 38, '2025-12-03 13:53:35'),
	(34, 58, 16, '2025-12-15 13:53:35'),
	(35, 25, 40, '2026-01-23 13:53:35'),
	(36, 26, 29, '2025-12-04 13:53:35'),
	(37, 11, 17, '2026-02-10 13:53:35'),
	(38, 21, 24, '2025-12-25 13:53:35'),
	(39, 29, 37, '2026-01-12 13:53:35'),
	(40, 31, 23, '2026-01-05 13:53:35'),
	(41, 46, 36, '2026-02-07 13:53:35'),
	(42, 48, 18, '2025-12-24 13:53:35'),
	(43, 47, 33, '2026-02-16 13:53:35'),
	(44, 43, 20, '2025-12-26 13:53:35'),
	(45, 45, 35, '2026-01-13 13:53:35'),
	(46, 11, 30, '2026-02-14 13:53:35'),
	(47, 51, 39, '2025-11-28 13:53:35'),
	(48, 50, 29, '2026-01-04 13:53:35'),
	(49, 13, 16, '2026-02-02 13:53:35'),
	(50, 48, 32, '2026-01-07 13:53:35'),
	(51, 19, 40, '2026-01-13 13:53:35'),
	(52, 52, 39, '2025-12-23 13:53:35'),
	(53, 21, 20, '2025-12-14 13:53:35'),
	(54, 49, 39, '2026-02-16 13:53:35');

-- Dumping structure for table deal_machan.coupon_tags
CREATE TABLE IF NOT EXISTS `coupon_tags` (
  `id` int(10) unsigned NOT NULL AUTO_INCREMENT,
  `coupon_id` int(10) unsigned NOT NULL,
  `tag_id` int(10) unsigned NOT NULL,
  `created_at` timestamp NOT NULL DEFAULT current_timestamp(),
  PRIMARY KEY (`id`),
  UNIQUE KEY `uk_coupon_tag` (`coupon_id`,`tag_id`),
  KEY `idx_coupon_id` (`coupon_id`),
  KEY `idx_tag_id` (`tag_id`),
  CONSTRAINT `fk_coupon_tags_coupon` FOREIGN KEY (`coupon_id`) REFERENCES `coupons` (`id`) ON DELETE CASCADE,
  CONSTRAINT `fk_coupon_tags_tag` FOREIGN KEY (`tag_id`) REFERENCES `tags` (`id`) ON DELETE CASCADE
) ENGINE=InnoDB AUTO_INCREMENT=90 DEFAULT CHARSET=utf8mb4 COLLATE=utf8mb4_unicode_ci;

-- Dumping data for table deal_machan.coupon_tags: ~89 rows (approximately)
INSERT INTO `coupon_tags` (`id`, `coupon_id`, `tag_id`, `created_at`) VALUES
	(1, 1, 1, '2026-02-19 14:26:46'),
	(2, 2, 1, '2026-02-19 14:26:46'),
	(3, 3, 2, '2026-02-19 14:26:46'),
	(4, 5, 3, '2026-02-19 14:26:46'),
	(5, 6, 3, '2026-02-19 14:26:46'),
	(6, 7, 4, '2026-02-19 14:26:46'),
	(7, 14, 4, '2026-02-19 14:26:46'),
	(8, 12, 5, '2026-02-19 14:26:46'),
	(9, 16, 2, '2026-02-19 18:21:16'),
	(10, 17, 2, '2026-02-19 18:21:16'),
	(11, 18, 2, '2026-02-19 18:21:16'),
	(12, 18, 13, '2026-02-19 18:21:16'),
	(13, 18, 24, '2026-02-19 18:21:16'),
	(14, 19, 2, '2026-02-19 18:21:16'),
	(15, 19, 13, '2026-02-19 18:21:16'),
	(16, 20, 2, '2026-02-19 18:21:16'),
	(17, 20, 13, '2026-02-19 18:21:16'),
	(18, 20, 24, '2026-02-19 18:21:16'),
	(19, 21, 1, '2026-02-19 18:21:16'),
	(20, 21, 20, '2026-02-19 18:21:16'),
	(21, 22, 1, '2026-02-19 18:21:16'),
	(22, 22, 20, '2026-02-19 18:21:16'),
	(23, 23, 1, '2026-02-19 18:21:16'),
	(24, 23, 18, '2026-02-19 18:21:16'),
	(25, 24, 1, '2026-02-19 18:21:16'),
	(26, 24, 18, '2026-02-19 18:21:16'),
	(27, 25, 2, '2026-02-19 18:21:16'),
	(28, 25, 9, '2026-02-19 18:21:16'),
	(29, 26, 2, '2026-02-19 18:21:16'),
	(30, 26, 9, '2026-02-19 18:21:16'),
	(31, 27, 2, '2026-02-19 18:21:16'),
	(32, 27, 11, '2026-02-19 18:21:16'),
	(33, 28, 2, '2026-02-19 18:21:16'),
	(34, 28, 11, '2026-02-19 18:21:16'),
	(35, 29, 1, '2026-02-19 18:21:16'),
	(36, 29, 12, '2026-02-19 18:21:16'),
	(37, 30, 3, '2026-02-19 18:21:16'),
	(38, 30, 17, '2026-02-19 18:21:16'),
	(39, 31, 3, '2026-02-19 18:21:16'),
	(40, 31, 17, '2026-02-19 18:21:16'),
	(41, 32, 3, '2026-02-19 18:21:16'),
	(42, 32, 17, '2026-02-19 18:21:16'),
	(43, 33, 1, '2026-02-19 18:21:16'),
	(44, 33, 20, '2026-02-19 18:21:16'),
	(45, 34, 1, '2026-02-19 18:21:16'),
	(46, 34, 20, '2026-02-19 18:21:16'),
	(47, 35, 4, '2026-02-19 18:21:16'),
	(48, 35, 23, '2026-02-19 18:21:16'),
	(49, 36, 4, '2026-02-19 18:21:16'),
	(50, 36, 23, '2026-02-19 18:21:16'),
	(51, 37, 4, '2026-02-19 18:21:16'),
	(52, 37, 5, '2026-02-19 18:21:16'),
	(53, 37, 22, '2026-02-19 18:21:16'),
	(54, 38, 4, '2026-02-19 18:21:16'),
	(55, 38, 5, '2026-02-19 18:21:16'),
	(56, 38, 22, '2026-02-19 18:21:16'),
	(57, 39, 1, '2026-02-19 18:21:16'),
	(58, 39, 12, '2026-02-19 18:21:16'),
	(59, 39, 19, '2026-02-19 18:21:16'),
	(60, 40, 1, '2026-02-19 18:21:16'),
	(61, 40, 12, '2026-02-19 18:21:16'),
	(62, 40, 19, '2026-02-19 18:21:16'),
	(63, 41, 1, '2026-02-19 18:21:16'),
	(64, 41, 14, '2026-02-19 18:21:16'),
	(65, 42, 1, '2026-02-19 18:21:16'),
	(66, 43, 1, '2026-02-19 18:21:16'),
	(67, 44, 2, '2026-02-19 18:21:16'),
	(68, 45, 2, '2026-02-19 18:21:16'),
	(69, 46, 1, '2026-02-19 18:21:16'),
	(70, 46, 14, '2026-02-19 18:21:16'),
	(71, 47, 1, '2026-02-19 18:21:16'),
	(72, 47, 14, '2026-02-19 18:21:16'),
	(73, 48, 3, '2026-02-19 18:21:16'),
	(74, 48, 15, '2026-02-19 18:21:16'),
	(75, 49, 3, '2026-02-19 18:21:16'),
	(76, 49, 15, '2026-02-19 18:21:16'),
	(77, 50, 1, '2026-02-19 18:21:16'),
	(78, 50, 20, '2026-02-19 18:21:16'),
	(79, 51, 1, '2026-02-19 18:21:16'),
	(80, 51, 20, '2026-02-19 18:21:16'),
	(81, 52, 1, '2026-02-19 18:21:16'),
	(82, 53, 2, '2026-02-19 18:21:16'),
	(83, 53, 13, '2026-02-19 18:21:16'),
	(84, 53, 24, '2026-02-19 18:21:16'),
	(85, 54, 4, '2026-02-19 18:21:16'),
	(86, 54, 5, '2026-02-19 18:21:16'),
	(87, 54, 21, '2026-02-19 18:21:16'),
	(88, 55, 1, '2026-02-19 18:21:16'),
	(89, 55, 14, '2026-02-19 18:21:16');

-- Dumping structure for table deal_machan.coupons
CREATE TABLE IF NOT EXISTS `coupons` (
  `id` int(10) unsigned NOT NULL AUTO_INCREMENT,
  `title` varchar(255) NOT NULL,
  `description` text DEFAULT NULL,
  `coupon_code` varchar(50) NOT NULL,
  `discount_type` enum('percentage','fixed') NOT NULL,
  `discount_value` decimal(10,2) NOT NULL,
  `min_purchase_amount` decimal(10,2) DEFAULT NULL,
  `max_discount_amount` decimal(10,2) DEFAULT NULL,
  `merchant_id` int(10) unsigned NOT NULL,
  `store_id` int(10) unsigned DEFAULT NULL COMMENT 'NULL means valid for all stores',
  `valid_from` timestamp NULL DEFAULT NULL,
  `valid_until` timestamp NULL DEFAULT NULL,
  `usage_limit` int(11) DEFAULT NULL COMMENT 'NULL means unlimited',
  `usage_count` int(11) NOT NULL DEFAULT 0,
  `is_admin_coupon` tinyint(1) NOT NULL DEFAULT 0,
  `approval_status` enum('pending','approved','rejected') NOT NULL DEFAULT 'pending',
  `approved_by_admin_id` int(10) unsigned DEFAULT NULL,
  `approved_at` timestamp NULL DEFAULT NULL,
  `status` enum('active','inactive','expired') NOT NULL DEFAULT 'active',
  `terms_conditions` text DEFAULT NULL,
  `created_by` int(10) unsigned NOT NULL COMMENT 'User ID',
  `created_at` timestamp NOT NULL DEFAULT current_timestamp(),
  `updated_at` timestamp NULL DEFAULT NULL ON UPDATE current_timestamp(),
  PRIMARY KEY (`id`),
  UNIQUE KEY `uk_coupon_code` (`coupon_code`),
  KEY `idx_merchant_id` (`merchant_id`),
  KEY `idx_store_id` (`store_id`),
  KEY `idx_valid_dates` (`valid_from`,`valid_until`),
  KEY `idx_approval_status` (`approval_status`),
  KEY `idx_status` (`status`),
  KEY `idx_is_admin_coupon` (`is_admin_coupon`),
  CONSTRAINT `fk_coupons_merchant` FOREIGN KEY (`merchant_id`) REFERENCES `merchants` (`id`) ON DELETE CASCADE,
  CONSTRAINT `fk_coupons_store` FOREIGN KEY (`store_id`) REFERENCES `stores` (`id`) ON DELETE CASCADE
) ENGINE=InnoDB AUTO_INCREMENT=56 DEFAULT CHARSET=utf8mb4 COLLATE=utf8mb4_unicode_ci;

-- Dumping data for table deal_machan.coupons: ~55 rows (approximately)
INSERT INTO `coupons` (`id`, `title`, `description`, `coupon_code`, `discount_type`, `discount_value`, `min_purchase_amount`, `max_discount_amount`, `merchant_id`, `store_id`, `valid_from`, `valid_until`, `usage_limit`, `usage_count`, `is_admin_coupon`, `approval_status`, `approved_by_admin_id`, `approved_at`, `status`, `terms_conditions`, `created_by`, `created_at`, `updated_at`) VALUES
	(1, 'Spice Garden Summer Sale', 'Get 20% off on your dining bill at Spice Garden restaurants.', 'SPICE20', 'percentage', 20.00, 500.00, 300.00, 2, NULL, '2025-03-31 18:30:00', '2025-08-31 18:29:59', 500, 47, 0, 'approved', 1, '2025-04-01 04:30:00', 'active', 'Valid on dine-in only. Cannot be combined with other offers.', 1, '2025-11-21 14:26:46', '2025-11-21 14:26:46'),
	(2, 'Dine & Save ???100', 'Flat ???100 off on bills above ???700 at Spice Garden.', 'DINE100', 'fixed', 100.00, 700.00, NULL, 2, NULL, '2025-04-30 18:30:00', '2025-12-31 18:29:59', 200, 18, 0, 'approved', 1, '2025-05-01 03:30:00', 'active', 'Valid for dine-in and takeaway. Not valid on holidays.', 1, '2025-12-21 14:26:46', '2025-12-21 14:26:46'),
	(3, 'Festive Fashion 15%', '15% discount on all ethnic wear this season.', 'FEST15', 'percentage', 15.00, 1000.00, 500.00, 3, NULL, '2025-05-31 18:30:00', '2025-09-30 18:29:59', 300, 0, 0, 'pending', NULL, NULL, 'active', 'Valid on ethnic wear collection only. Applicable on MRP.', 1, '2026-02-09 14:26:46', '2026-02-09 14:26:46'),
	(4, 'Sweet Deal ???50 Off', '???50 off on sweets purchase above ???400.', 'SWEET50', 'fixed', 50.00, 400.00, NULL, 4, NULL, '2024-12-31 18:30:00', '2025-06-30 18:29:59', 1000, 213, 0, 'approved', 1, '2025-01-05 05:30:00', 'expired', 'Valid on boxed sweets only. Not on loose items.', 1, '2025-08-23 14:26:46', '2026-02-14 14:26:46'),
	(5, 'Deal Machan Tech 10%', 'Exclusive 10% discount on electronics for Deal Machan members.', 'DMTECH10', 'percentage', 10.00, 2000.00, 1500.00, 5, NULL, '2025-05-14 18:30:00', '2025-11-15 18:29:59', 100, 8, 1, 'approved', 1, '2025-05-15 04:30:00', 'active', 'Valid on branded electronics only. One coupon per customer.', 1, '2026-01-05 14:26:46', '2026-01-05 14:26:46'),
	(6, 'TechZone Mega Savings', '???500 flat off on purchases above ???5000.', 'TECH500', 'fixed', 500.00, 5000.00, NULL, 5, NULL, '2025-02-28 18:30:00', '2025-10-31 18:29:59', 50, 12, 0, 'approved', 1, '2025-03-02 03:30:00', 'active', 'Applicable on laptops, mobiles and large appliances only.', 1, '2025-10-22 14:26:46', '2025-10-22 14:26:46'),
	(7, 'Wellness Wednesday 25%', 'Every Wednesday get 25% off on all wellness treatments.', 'WELLNESS25', 'percentage', 25.00, 500.00, 750.00, 6, NULL, '2025-05-31 18:30:00', '2025-12-31 18:29:59', 200, 0, 1, 'approved', 1, '2025-06-01 02:30:00', 'active', 'Valid only on Wednesdays. Advance booking required.', 1, '2026-02-14 14:26:46', '2026-02-14 14:26:46'),
	(8, 'Caf?? Morning Treat', '???75 off on breakfast combos above ???350.', 'CAFE75', 'fixed', 75.00, 350.00, NULL, 7, NULL, '2025-04-30 18:30:00', '2025-09-30 18:29:59', 500, 34, 0, 'approved', 1, '2025-05-03 04:30:00', 'active', 'Valid 7am???12pm only. Not applicable on weekends.', 1, '2025-12-26 14:26:46', '2025-12-26 14:26:46'),
	(9, 'Thrissur Grand Discount 30%', '30% off on silk sarees.', 'SILK30', 'percentage', 30.00, 2000.00, 1000.00, 8, NULL, NULL, NULL, 100, 0, 0, 'rejected', NULL, NULL, 'inactive', NULL, 1, '2026-01-30 14:26:46', '2026-02-04 14:26:46'),
	(10, 'Biryani Bonanza 18%', 'Special 18% off on biryani family packs.', 'BIRYAN18', 'percentage', 18.00, 600.00, 400.00, 9, NULL, '2025-06-14 18:30:00', '2025-12-15 18:29:59', 300, 5, 1, 'approved', 1, '2025-06-16 03:30:00', 'active', 'Valid on family pack only (min 4 plates). Takeaway only.', 1, '2026-02-16 14:26:46', '2026-02-16 14:26:46'),
	(11, 'Mobile Deal ???200 Off', '???200 off on mobile accessories above ???3000.', 'MOB200', 'fixed', 200.00, 3000.00, NULL, 10, NULL, '2025-03-31 18:30:00', '2025-07-31 18:29:59', 150, 66, 0, 'approved', 1, '2025-04-02 04:30:00', 'expired', 'Not valid on Apple accessories.', 1, '2025-11-11 14:26:46', '2026-02-17 14:26:46'),
	(12, 'Home Refresh 12%', '12% off on modular furniture.', 'FURN12', 'percentage', 12.00, 5000.00, 3000.00, 11, NULL, '2025-06-30 18:30:00', '2025-12-31 18:29:59', 50, 0, 0, 'pending', NULL, NULL, 'active', 'Valid on modular kitchen and wardrobe products only.', 1, '2026-02-18 14:26:46', '2026-02-18 14:26:46'),
	(13, 'Bakery Bite ???40 Off', '???40 off on cake orders above ???250.', 'CAKE40', 'fixed', 40.00, 250.00, NULL, 12, NULL, '2025-04-30 18:30:00', '2025-08-31 18:29:59', 1000, 89, 0, 'approved', 1, '2025-05-01 03:00:00', 'active', NULL, 1, '2025-12-16 14:26:46', '2025-12-16 14:26:46'),
	(14, 'Spa & Relax 20%', '20% off on spa and massage packages.', 'SPA20', 'percentage', 20.00, 1000.00, 800.00, 13, NULL, '2025-05-31 18:30:00', '2025-10-31 18:29:59', 100, 3, 1, 'approved', 1, '2025-06-01 03:30:00', 'active', 'Advance appointment required. Valid Mon???Thu.', 1, '2026-02-11 14:26:46', '2026-02-11 14:26:46'),
	(15, 'Sports Fiesta ???300 Off', '???300 off on sports equipment above ???2000.', 'SPORT300', 'fixed', 300.00, 2000.00, NULL, 14, NULL, '2025-07-03 18:30:00', '2026-01-04 18:29:59', 75, 0, 0, 'approved', 1, '2025-07-04 04:30:00', 'active', 'Not valid on cricket kits. One per customer.', 1, '2026-02-19 14:26:46', '2026-02-19 14:26:46'),
	(16, 'Rubber Essentials Discount', '10% off on all rubber products', 'RUBBER10', 'percentage', 10.00, 500.00, 200.00, 17, 16, '2026-01-20 13:51:16', '2026-04-20 13:51:16', 100, 0, 0, 'approved', 1, '2026-02-19 13:51:16', 'active', 'Standard terms apply.', 1, '2026-02-19 13:51:16', '2026-02-19 13:51:16'),
	(17, 'Kottayam Rubber Festival', 'Flat ₹150 off on purchase above ₹1500', 'KTM150', 'fixed', 150.00, 1500.00, 150.00, 17, 17, '2026-01-20 13:51:16', '2026-03-21 13:51:16', 50, 0, 0, 'approved', 1, '2026-02-19 13:51:16', 'active', 'Standard terms apply.', 1, '2026-02-19 13:51:16', '2026-02-19 13:51:16'),
	(18, 'Gold Making Charge Offer', '15% off on making charges for gold jewellery', 'GOLD15', 'percentage', 15.00, 5000.00, 1000.00, 18, 18, '2026-01-20 13:51:16', '2026-04-20 13:51:16', 30, 0, 0, 'approved', 1, '2026-02-19 13:51:16', 'active', 'Standard terms apply.', 1, '2026-02-19 13:51:16', '2026-02-19 13:51:16'),
	(19, 'Silver Weekend Offer', 'Flat ₹500 off on silver articles above ₹3000', 'SILVER500', 'fixed', 500.00, 3000.00, 500.00, 18, 19, '2026-01-20 13:51:16', '2026-03-21 13:51:16', 20, 0, 0, 'approved', 1, '2026-02-19 13:51:16', 'active', 'Standard terms apply.', 1, '2026-02-19 13:51:16', '2026-02-19 13:51:16'),
	(20, 'Thrissur Pooram Special', '20% off on all diamond jewellery', 'POORAM20', 'percentage', 20.00, 10000.00, 2000.00, 18, 18, '2025-12-21 13:51:16', '2026-05-20 13:51:16', 15, 0, 0, 'approved', 1, '2026-02-19 13:51:16', 'active', 'Standard terms apply.', 1, '2026-02-19 13:51:16', '2026-02-19 13:51:16'),
	(21, 'Heritage Morning Special', 'Buy 2 get 1 free on breakfast', 'HERITAGE2X1', 'percentage', 33.00, 200.00, 150.00, 19, 20, '2026-01-20 13:51:16', '2026-03-21 13:51:16', 80, 0, 0, 'approved', 1, '2026-02-19 13:51:16', 'active', 'Standard terms apply.', 1, '2026-02-19 13:51:16', '2026-02-19 13:51:16'),
	(22, 'Evening Snack Offer', '₹50 off on evening snack combos', 'EVE50', 'fixed', 50.00, 200.00, 50.00, 19, 21, '2026-01-20 13:51:16', '2026-04-20 13:51:16', 100, 0, 0, 'approved', 1, '2026-02-19 13:51:16', 'active', 'Standard terms apply.', 1, '2026-02-19 13:51:16', '2026-02-19 13:51:16'),
	(23, 'Sea Fresh Daily Deal', '15% off on fresh catch of the day', 'SEAFRESH15', 'percentage', 15.00, 300.00, 150.00, 20, 22, '2026-01-20 13:51:16', '2026-03-21 13:51:16', 60, 0, 0, 'approved', 1, '2026-02-19 13:51:16', 'active', 'Standard terms apply.', 1, '2026-02-19 13:51:16', '2026-02-19 13:51:16'),
	(24, 'Prawn Special Offer', 'Flat ₹100 off on prawn dishes above ₹400', 'PRAWN100', 'fixed', 100.00, 400.00, 100.00, 20, 23, '2026-01-20 13:51:16', '2026-04-20 13:51:16', 50, 0, 0, 'approved', 1, '2026-02-19 13:51:16', 'active', 'Standard terms apply.', 1, '2026-02-19 13:51:16', '2026-02-19 13:51:16'),
	(25, 'Spare Parts Discount', '10% off on all original spare parts', 'KOCHIAUTO10', 'percentage', 10.00, 1000.00, 300.00, 21, 24, '2026-01-20 13:51:16', '2026-04-20 13:51:16', 40, 0, 0, 'approved', 1, '2026-02-19 13:51:16', 'active', 'Standard terms apply.', 1, '2026-02-19 13:51:16', '2026-02-19 13:51:16'),
	(26, 'Lubricant Combo Deal', '₹200 off on lubricant combo packs', 'LUBE200', 'fixed', 200.00, 1000.00, 200.00, 21, 25, '2026-01-20 13:51:16', '2026-03-21 13:51:16', 30, 0, 0, 'approved', 1, '2026-02-19 13:51:16', 'active', 'Standard terms apply.', 1, '2026-02-19 13:51:16', '2026-02-19 13:51:16'),
	(27, 'Living Room Festival', '12% off on all living room furniture', 'PALACE12', 'percentage', 12.00, 5000.00, 2000.00, 22, 26, '2026-01-20 13:51:16', '2026-05-20 13:51:16', 25, 0, 0, 'approved', 1, '2026-02-19 13:51:16', 'active', 'Standard terms apply.', 1, '2026-02-19 13:51:16', '2026-02-19 13:51:16'),
	(28, 'Bedroom Deal', 'Flat ₹2000 off on bedroom sets above ₹15000', 'BEDROOM2K', 'fixed', 2000.00, 15000.00, 2000.00, 22, 27, '2026-01-20 13:51:16', '2026-04-20 13:51:16', 15, 0, 0, 'approved', 1, '2026-02-19 13:51:16', 'active', 'Standard terms apply.', 1, '2026-02-19 13:51:16', '2026-02-19 13:51:16'),
	(29, 'Organic Veggie Pack', '10% off on weekly organic vegetable pack', 'ORGANIC10', 'percentage', 10.00, 500.00, 100.00, 23, 28, '2026-01-20 13:51:16', '2026-03-21 13:51:16', 40, 0, 0, 'approved', 1, '2026-02-19 13:51:16', 'active', 'Standard terms apply.', 1, '2026-02-19 13:51:16', '2026-02-19 13:51:16'),
	(30, 'Lens Exchange Offer', '20% off on lens replacement', 'LENS20', 'percentage', 20.00, 1500.00, 500.00, 24, 29, '2026-01-20 13:51:16', '2026-04-20 13:51:16', 30, 0, 0, 'approved', 1, '2026-02-19 13:51:16', 'active', 'Standard terms apply.', 1, '2026-02-19 13:51:16', '2026-02-19 13:51:16'),
	(31, 'Frame Sale', 'Flat ₹300 off on frames above ₹1000', 'FRAME300', 'fixed', 300.00, 1000.00, 300.00, 24, 30, '2026-01-20 13:51:16', '2026-03-21 13:51:16', 50, 0, 0, 'approved', 1, '2026-02-19 13:51:16', 'active', 'Standard terms apply.', 1, '2026-02-19 13:51:16', '2026-02-19 13:51:16'),
	(32, 'Cataract Check Free', 'Free eye checkup with any purchase', 'EYECHECK', 'percentage', 0.00, 500.00, 0.00, 24, 29, '2026-01-20 13:51:16', '2026-05-20 13:51:16', 60, 0, 0, 'approved', 1, '2026-02-19 13:51:16', 'active', 'Standard terms apply.', 1, '2026-02-19 13:51:16', '2026-02-19 13:51:16'),
	(33, 'Tea Lover Pack', '15% off on premium tea assortments', 'TEA15', 'percentage', 15.00, 500.00, 200.00, 25, 31, '2026-01-20 13:51:16', '2026-04-20 13:51:16', 70, 0, 0, 'approved', 1, '2026-02-19 13:51:16', 'active', 'Standard terms apply.', 1, '2026-02-19 13:51:16', '2026-02-19 13:51:16'),
	(34, 'Monsoon Chai Offer', 'Buy 2 premium packs get 1 free', 'CHAI2X1', 'percentage', 33.00, 400.00, 200.00, 25, 32, '2026-01-20 13:51:16', '2026-03-21 13:51:16', 50, 0, 0, 'approved', 1, '2026-02-19 13:51:16', 'active', 'Standard terms apply.', 1, '2026-02-19 13:51:16', '2026-02-19 13:51:16'),
	(35, 'First Tattoo Discount', '25% off on first tattoo', 'FIRSTINK25', 'percentage', 25.00, 1000.00, 1000.00, 26, 33, '2026-01-20 13:51:16', '2026-04-20 13:51:16', 20, 0, 0, 'approved', 1, '2026-02-19 13:51:16', 'active', 'Standard terms apply.', 1, '2026-02-19 13:51:16', '2026-02-19 13:51:16'),
	(36, 'Piercing Deal', 'Flat ₹200 off on any piercing', 'PIERCE200', 'fixed', 200.00, 500.00, 200.00, 26, 33, '2026-01-20 13:51:16', '2026-03-21 13:51:16', 30, 0, 0, 'approved', 1, '2026-02-19 13:51:16', 'active', 'Standard terms apply.', 1, '2026-02-19 13:51:16', '2026-02-19 13:51:16'),
	(37, 'Backwater Cruise Special', '15% off on boat cruise packages', 'CRUISE15', 'percentage', 15.00, 1000.00, 500.00, 27, 34, '2026-01-20 13:51:16', '2026-04-20 13:51:16', 40, 0, 0, 'approved', 1, '2026-02-19 13:51:16', 'active', 'Standard terms apply.', 1, '2026-02-19 13:51:16', '2026-02-19 13:51:16'),
	(38, 'Family Houseboat Deal', '₹1000 off on overnight houseboat stay', 'HOUSEBOAT1K', 'fixed', 1000.00, 8000.00, 1000.00, 27, 35, '2026-01-20 13:51:16', '2026-05-20 13:51:16', 15, 0, 0, 'approved', 1, '2026-02-19 13:51:16', 'active', 'Standard terms apply.', 1, '2026-02-19 13:51:16', '2026-02-19 13:51:16'),
	(39, 'Spice Box Combo', '10% off on spice combo boxes', 'SPICEBOX10', 'percentage', 10.00, 500.00, 150.00, 28, 36, '2026-01-20 13:51:16', '2026-04-20 13:51:16', 60, 0, 0, 'approved', 1, '2026-02-19 13:51:16', 'active', 'Standard terms apply.', 1, '2026-02-19 13:51:16', '2026-02-19 13:51:16'),
	(40, 'Export Quality Spices', 'Flat ₹250 off on export-quality spice packs', 'EXPORTSPICE', 'fixed', 250.00, 1500.00, 250.00, 28, 37, '2026-01-20 13:51:16', '2026-03-21 13:51:16', 40, 0, 0, 'approved', 1, '2026-02-19 13:51:16', 'active', 'Standard terms apply.', 1, '2026-02-19 13:51:16', '2026-02-19 13:51:16'),
	(41, 'Lunch Special Offer', '20% off on lunch combos', 'LUNCH20', 'percentage', 20.00, 200.00, 100.00, 1, 1, '2026-01-20 13:51:16', '2026-03-21 13:51:16', 100, 0, 0, 'approved', 1, '2026-02-19 13:51:16', 'active', 'Standard terms apply.', 1, '2026-02-19 13:51:16', '2026-02-19 13:51:16'),
	(42, 'Sunday Buffet Deal', 'Flat ₹200 off on Sunday buffet', 'BUFFET200', 'fixed', 200.00, 800.00, 200.00, 2, 2, '2026-01-20 13:51:16', '2026-04-20 13:51:16', 30, 0, 0, 'approved', 1, '2026-02-19 13:51:16', 'active', 'Standard terms apply.', 1, '2026-02-19 13:51:16', '2026-02-19 13:51:16'),
	(43, 'Spice Garden Combo', 'Buy 2 main course get 1 dessert free', 'SPICE2X1', 'percentage', 15.00, 400.00, 150.00, 2, 3, '2026-01-20 13:51:16', '2026-03-21 13:51:16', 50, 0, 0, 'approved', 1, '2026-02-19 13:51:16', 'active', 'Standard terms apply.', 1, '2026-02-19 13:51:16', '2026-02-19 13:51:16'),
	(44, 'Saree Festival', '20% off on all silk sarees', 'SAREE20', 'percentage', 20.00, 2000.00, 1000.00, 3, 4, '2026-01-20 13:51:16', '2026-04-20 13:51:16', 40, 0, 0, 'approved', 1, '2026-02-19 13:51:16', 'active', 'Standard terms apply.', 1, '2026-02-19 13:51:16', '2026-02-19 13:51:16'),
	(45, 'Textile Month Offer', 'Flat ₹500 off on purchases above ₹3000', 'TEXTILE500', 'fixed', 500.00, 3000.00, 500.00, 3, 38, '2026-01-20 13:51:16', '2026-05-20 13:51:16', 60, 0, 0, 'approved', 1, '2026-02-19 13:51:16', 'active', 'Standard terms apply.', 1, '2026-02-19 13:51:16', '2026-02-19 13:51:16'),
	(46, 'Onam Sweet Offer', '15% off on Onam special sweet boxes', 'ONAM15', 'percentage', 15.00, 300.00, 100.00, 4, 5, '2026-01-20 13:51:16', '2026-03-21 13:51:16', 80, 0, 0, 'approved', 1, '2026-02-19 13:51:16', 'active', 'Standard terms apply.', 1, '2026-02-19 13:51:16', '2026-02-19 13:51:16'),
	(47, 'Halwa Deal', 'Buy 1kg halwa get 250g free', 'HALWA250', 'percentage', 20.00, 400.00, 80.00, 4, 39, '2026-01-20 13:51:16', '2026-04-20 13:51:16', 60, 0, 0, 'approved', 1, '2026-02-19 13:51:16', 'active', 'Standard terms apply.', 1, '2026-02-19 13:51:16', '2026-02-19 13:51:16'),
	(48, 'Gym Annual Membership', '20% off on annual membership', 'GYM20', 'percentage', 20.00, 5000.00, 2000.00, 5, 6, '2026-01-20 13:51:16', '2026-04-20 13:51:16', 20, 0, 0, 'approved', 1, '2026-02-19 13:51:16', 'active', 'Standard terms apply.', 1, '2026-02-19 13:51:16', '2026-02-19 13:51:16'),
	(49, 'Personal Training Deal', 'Flat ₹500 off on PT sessions', 'PT500', 'fixed', 500.00, 2000.00, 500.00, 5, 41, '2026-01-20 13:51:16', '2026-03-21 13:51:16', 15, 0, 0, 'approved', 1, '2026-02-19 13:51:16', 'active', 'Standard terms apply.', 1, '2026-02-19 13:51:16', '2026-02-19 13:51:16'),
	(50, 'Morning Coffee Special', '2nd coffee at 50% off (mornings)', 'MOCHA50', 'percentage', 50.00, 150.00, 100.00, 7, 8, '2026-01-20 13:51:16', '2026-03-21 13:51:16', 100, 0, 0, 'approved', 1, '2026-02-19 13:51:16', 'active', 'Standard terms apply.', 1, '2026-02-19 13:51:16', '2026-02-19 13:51:16'),
	(51, 'Cake Slice Deal', 'Free cake slice with any large coffee', 'CAKE FREE', 'percentage', 10.00, 300.00, 80.00, 7, 43, '2026-01-20 13:51:16', '2026-04-20 13:51:16', 60, 0, 0, 'approved', 1, '2026-02-19 13:51:16', 'active', 'Standard terms apply.', 1, '2026-02-19 13:51:16', '2026-02-19 13:51:16'),
	(52, 'Biriyani Box Deal', 'Family biriyani box at special price', 'BFAMILY', 'percentage', 15.00, 600.00, 200.00, 9, 10, '2026-01-20 13:51:16', '2026-03-21 13:51:16', 40, 0, 0, 'approved', 1, '2026-02-19 13:51:16', 'active', 'Standard terms apply.', 1, '2026-02-19 13:51:16', '2026-02-19 13:51:16'),
	(53, 'Gold Coin Offer', '5% off on gold coins above 5g', 'GOLDCOIN5', 'percentage', 5.00, 15000.00, 2000.00, 10, 12, '2026-01-20 13:51:16', '2026-05-20 13:51:16', 20, 0, 0, 'approved', 1, '2026-02-19 13:51:16', 'active', 'Standard terms apply.', 1, '2026-02-19 13:51:16', '2026-02-19 13:51:16'),
	(54, 'Weekend Getaway', '20% off on weekend packages', 'RESORT20', 'percentage', 20.00, 5000.00, 3000.00, 13, 13, '2026-01-20 13:51:16', '2026-04-20 13:51:16', 10, 0, 0, 'approved', 1, '2026-02-19 13:51:16', 'active', 'Standard terms apply.', 1, '2026-02-19 13:51:16', '2026-02-19 13:51:16'),
	(55, 'Birthday Cake Offer', '15% off on custom birthday cakes', 'BIRTHDAY15', 'percentage', 15.00, 500.00, 300.00, 14, 14, '2026-01-20 13:51:16', '2026-03-21 13:51:16', 30, 0, 0, 'approved', 1, '2026-02-19 13:51:16', 'active', 'Standard terms apply.', 1, '2026-02-19 13:51:16', '2026-02-19 13:51:16');

-- Dumping structure for table deal_machan.customers
CREATE TABLE IF NOT EXISTS `customers` (
  `id` int(10) unsigned NOT NULL AUTO_INCREMENT,
  `user_id` int(10) unsigned NOT NULL,
  `name` varchar(255) NOT NULL,
  `profile_image` varchar(255) DEFAULT NULL,
  `date_of_birth` date DEFAULT NULL,
  `gender` enum('male','female','other') DEFAULT NULL,
  `profession_id` int(10) unsigned DEFAULT NULL,
  `job_title_id` int(10) unsigned DEFAULT NULL,
  `registration_type` enum('self_registration','merchant_app','admin_registration','preprinted_card','auto_profile') NOT NULL,
  `customer_type` enum('standard','premium','dealmaker') NOT NULL DEFAULT 'standard',
  `subscription_status` enum('active','expired','none') NOT NULL DEFAULT 'none',
  `subscription_expiry` date DEFAULT NULL,
  `referral_code` varchar(20) DEFAULT NULL,
  `referred_by` int(10) unsigned DEFAULT NULL COMMENT 'Customer ID who referred',
  `is_dealmaker` tinyint(1) NOT NULL DEFAULT 0,
  `dealmaker_approved_at` timestamp NULL DEFAULT NULL,
  `created_by_admin_id` int(10) unsigned DEFAULT NULL,
  `created_by_merchant_id` int(10) unsigned DEFAULT NULL,
  `card_id` int(10) unsigned DEFAULT NULL,
  `created_at` timestamp NOT NULL DEFAULT current_timestamp(),
  `updated_at` timestamp NULL DEFAULT NULL ON UPDATE current_timestamp(),
  PRIMARY KEY (`id`),
  UNIQUE KEY `uk_user_id` (`user_id`),
  UNIQUE KEY `referral_code` (`referral_code`),
  UNIQUE KEY `uk_referral_code` (`referral_code`),
  KEY `idx_customer_type` (`customer_type`),
  KEY `idx_subscription_status` (`subscription_status`),
  KEY `idx_is_dealmaker` (`is_dealmaker`),
  KEY `idx_referred_by` (`referred_by`),
  KEY `idx_profession` (`profession_id`),
  KEY `idx_job_title` (`job_title_id`),
  CONSTRAINT `fk_customers_job_title` FOREIGN KEY (`job_title_id`) REFERENCES `job_titles` (`id`) ON DELETE SET NULL,
  CONSTRAINT `fk_customers_profession` FOREIGN KEY (`profession_id`) REFERENCES `professions` (`id`) ON DELETE SET NULL,
  CONSTRAINT `fk_customers_referrer` FOREIGN KEY (`referred_by`) REFERENCES `customers` (`id`) ON DELETE SET NULL,
  CONSTRAINT `fk_customers_user` FOREIGN KEY (`user_id`) REFERENCES `users` (`id`) ON DELETE CASCADE
) ENGINE=InnoDB AUTO_INCREMENT=61 DEFAULT CHARSET=utf8mb4 COLLATE=utf8mb4_unicode_ci;

-- Dumping data for table deal_machan.customers: ~51 rows (approximately)
INSERT INTO `customers` (`id`, `user_id`, `name`, `profile_image`, `date_of_birth`, `gender`, `profession_id`, `job_title_id`, `registration_type`, `customer_type`, `subscription_status`, `subscription_expiry`, `referral_code`, `referred_by`, `is_dealmaker`, `dealmaker_approved_at`, `created_by_admin_id`, `created_by_merchant_id`, `card_id`, `created_at`, `updated_at`) VALUES
	(1, 2, 'Test Customer', NULL, NULL, NULL, NULL, NULL, 'self_registration', 'standard', 'none', NULL, 'REF000001ABCD', NULL, 0, NULL, NULL, NULL, 1, '2025-10-22 10:06:11', '2026-02-19 18:21:42'),
	(11, 11, 'Arjun Nair', NULL, '1992-05-14', 'male', 1, NULL, 'self_registration', 'dealmaker', 'active', '2026-11-01', 'REFARJUN001A', NULL, 1, NULL, NULL, NULL, 2, '2025-11-01 03:45:00', '2026-02-19 18:21:42'),
	(12, 12, 'Priya Menon', NULL, '1995-08-22', 'female', 2, NULL, 'self_registration', 'premium', 'active', '2026-11-03', 'REFPRIYA002B', NULL, 0, NULL, NULL, NULL, 3, '2025-11-03 05:00:00', '2026-02-19 18:21:42'),
	(13, 13, 'Rahul Krishna', NULL, '1990-03-10', 'male', 1, NULL, 'merchant_app', 'standard', 'none', NULL, 'REFRAHULOO3C', 11, 0, NULL, NULL, NULL, 4, '2025-11-05 05:30:00', '2026-02-19 18:21:42'),
	(14, 14, 'Divya Thomas', NULL, '1997-11-30', 'female', 3, NULL, 'self_registration', 'premium', 'active', '2026-11-08', 'REFDIVYA004D', 11, 0, NULL, NULL, NULL, 5, '2025-11-08 08:50:00', '2026-02-19 18:21:42'),
	(15, 15, 'Arun Pillai', NULL, '1988-07-04', 'male', 5, NULL, 'self_registration', 'standard', 'expired', NULL, 'REFARUNP005E', NULL, 0, NULL, NULL, NULL, 6, '2025-11-10 04:15:00', '2026-02-19 18:21:42'),
	(16, 16, 'Sreelakshmi R', NULL, '1993-01-18', 'female', 6, NULL, 'admin_registration', 'standard', 'none', NULL, 'REFSREELK06F', NULL, 0, NULL, NULL, NULL, 7, '2025-11-12 10:40:00', '2026-02-19 18:21:42'),
	(17, 17, 'Vishnu Kumar', NULL, '1994-09-25', 'male', 1, NULL, 'self_registration', 'dealmaker', 'active', '2026-11-15', 'REFVISHN007G', NULL, 1, NULL, NULL, NULL, 8, '2025-11-15 03:00:00', '2026-02-19 18:21:42'),
	(18, 18, 'Anjali Dev', NULL, '1998-04-12', 'female', 13, NULL, 'self_registration', 'standard', 'none', NULL, 'REFANJAL008H', 12, 0, NULL, NULL, NULL, 9, '2025-11-18 06:30:00', '2026-02-19 18:21:42'),
	(19, 19, 'Santhosh George', NULL, '1986-12-03', 'male', 7, NULL, 'merchant_app', 'premium', 'active', '2026-11-20', 'REFSANTH009I', NULL, 0, NULL, NULL, NULL, 10, '2025-11-20 10:15:00', '2026-02-19 18:21:42'),
	(20, 20, 'Meera Vijayan', NULL, '1991-06-20', 'female', 4, NULL, 'self_registration', 'standard', 'none', NULL, 'REFMEERAV10J', 11, 0, NULL, NULL, NULL, 29, '2025-11-22 04:30:00', '2026-02-19 18:21:42'),
	(21, 21, 'Suresh Babu', NULL, '1983-02-28', 'male', 12, NULL, 'preprinted_card', 'standard', 'none', NULL, 'REFSURESHB11K', NULL, 0, NULL, NULL, NULL, 30, '2025-11-25 03:45:00', '2026-02-19 18:21:42'),
	(22, 22, 'Deepa Nambiar', NULL, '1996-10-07', 'female', 2, NULL, 'self_registration', 'premium', 'active', '2026-11-28', 'REFDEEPAN12L', 17, 0, NULL, NULL, NULL, 31, '2025-11-28 08:30:00', '2026-02-19 18:21:42'),
	(23, 23, 'Rajan MV', NULL, '1979-05-15', 'male', 11, NULL, 'admin_registration', 'standard', 'none', NULL, 'REFRAJAN013M', NULL, 0, NULL, NULL, NULL, 32, '2025-12-01 06:00:00', '2026-02-19 18:21:42'),
	(24, 24, 'Kavya Suresh', NULL, '1999-03-08', 'female', 13, NULL, 'self_registration', 'standard', 'none', NULL, 'REFKAVYA014N', 11, 0, NULL, NULL, NULL, 33, '2025-12-03 02:30:00', '2026-02-19 18:21:42'),
	(25, 25, 'Nikhil Jose', NULL, '1993-08-17', 'male', 1, NULL, 'self_registration', 'dealmaker', 'active', '2026-12-05', 'REFNIKHI015O', NULL, 1, NULL, NULL, NULL, 34, '2025-12-05 11:50:00', '2026-02-19 18:21:42'),
	(26, 26, 'Reshma PK', NULL, '1994-12-22', 'female', 3, NULL, 'merchant_app', 'standard', 'none', NULL, 'REFRSHMA016P', 17, 0, NULL, NULL, NULL, 35, '2025-12-08 04:40:00', '2026-02-19 18:21:42'),
	(27, 27, 'Biju Mathew', NULL, '1987-09-11', 'male', 5, NULL, 'self_registration', 'premium', 'active', '2026-12-10', 'REFBIJUM017Q', NULL, 0, NULL, NULL, NULL, 36, '2025-12-10 08:15:00', '2026-02-19 18:21:42'),
	(28, 28, 'Sindhu Raj', NULL, '1995-07-30', 'female', 6, NULL, 'self_registration', 'standard', 'expired', NULL, 'REFSINDR018R', 25, 0, NULL, NULL, NULL, 37, '2025-12-12 04:00:00', '2026-02-19 18:21:42'),
	(29, 29, 'Anil Chandran', NULL, '1980-11-05', 'male', 4, NULL, 'admin_registration', 'standard', 'none', NULL, 'REFANIL019S', NULL, 0, NULL, NULL, NULL, 38, '2025-12-15 05:30:00', '2026-02-19 18:21:42'),
	(30, 30, 'Lekha Pillai', NULL, '1992-04-14', 'female', 8, NULL, 'self_registration', 'premium', 'active', '2026-12-18', 'REFLEKHA020T', 11, 0, NULL, NULL, NULL, 39, '2025-12-18 09:00:00', '2026-02-19 18:21:42'),
	(31, 46, 'Aditya Varma', NULL, '1992-04-12', 'male', 5, 3, '', 'standard', '', NULL, 'DMADIT0046', NULL, 0, NULL, 1, NULL, 40, '2026-01-03 23:28:36', '2026-01-03 23:28:36'),
	(32, 47, 'Sreeja Krishnan', NULL, '1988-09-25', 'female', 3, 6, '', 'premium', 'active', NULL, 'DMSREE0047', NULL, 0, NULL, 1, NULL, 41, '2026-01-11 23:28:36', '2026-01-11 23:28:36'),
	(33, 48, 'Manoj Menon', NULL, '1995-03-17', 'male', 4, 2, 'merchant_app', 'standard', '', NULL, 'DMMANO0048', NULL, 0, NULL, 2, NULL, 42, '2025-12-14 23:28:36', '2025-12-14 23:28:36'),
	(34, 49, 'Sunitha Das', NULL, '1990-11-08', 'female', 7, 5, '', 'standard', '', NULL, 'DMSUNI0049', NULL, 0, NULL, 2, NULL, 43, '2025-12-09 23:28:36', '2025-12-09 23:28:36'),
	(35, 50, 'Rahul Raj', NULL, '1997-06-30', 'male', 5, 4, '', 'premium', 'active', NULL, 'DMRAHU0050', NULL, 1, NULL, 3, NULL, 44, '2026-01-11 23:28:36', '2026-01-11 23:28:36'),
	(36, 51, 'Anitha Suresh', NULL, '1986-01-20', 'female', 11, 8, '', 'standard', '', NULL, 'DMANIT0051', NULL, 0, NULL, 1, NULL, 45, '2026-01-08 23:28:36', '2026-01-08 23:28:36'),
	(37, 52, 'Vivek Nair', NULL, '1993-07-14', 'male', 7, 1, '', 'standard', '', NULL, 'DMVIVE0052', NULL, 0, NULL, 2, NULL, 46, '2025-12-29 23:28:36', '2025-12-29 23:28:36'),
	(38, 53, 'Kavitha Pillai', NULL, '1991-12-05', 'female', 3, 7, '', 'premium', 'active', NULL, 'DMKAVI0053', NULL, 0, NULL, 4, NULL, 47, '2025-12-12 23:28:36', '2025-12-12 23:28:36'),
	(39, 54, 'Sreekanth R', NULL, '1994-08-22', 'male', 5, 3, '', 'standard', '', NULL, 'DMSREE0054', NULL, 0, NULL, 1, NULL, 48, '2026-02-09 23:28:36', '2026-02-09 23:28:36'),
	(40, 55, 'Meenu Thomas', NULL, '1989-04-10', 'female', 4, 9, 'merchant_app', 'standard', '', NULL, 'DMMEEN0055', NULL, 0, NULL, 2, NULL, 49, '2026-02-13 23:28:36', '2026-02-13 23:28:36'),
	(41, 56, 'Pranav KB', NULL, '1998-02-28', 'male', 5, 3, '', 'standard', '', NULL, 'DMPRAN0056', NULL, 0, NULL, 2, NULL, 50, '2026-01-05 23:28:36', '2026-01-05 23:28:36'),
	(42, 57, 'Lakshmi Nair', NULL, '1985-10-15', 'female', 3, 6, '', 'premium', 'active', NULL, 'DMLAKS0057', NULL, 1, NULL, 3, NULL, 51, '2025-12-26 23:28:36', '2025-12-26 23:28:36'),
	(43, 58, 'Jithin George', NULL, '1996-05-18', 'male', 7, 5, 'merchant_app', 'standard', '', NULL, 'DMJITH0058', NULL, 0, NULL, 4, NULL, 52, '2025-12-05 23:28:36', '2025-12-05 23:28:36'),
	(44, 59, 'Aparna Vijayan', NULL, '1992-03-24', 'female', 11, 11, '', 'standard', '', NULL, 'DMAPAR0059', NULL, 0, NULL, 5, NULL, 53, '2025-11-25 23:28:36', '2025-11-25 23:28:36'),
	(45, 60, 'Baiju MV', NULL, '1987-09-06', 'male', 4, 2, '', 'standard', '', NULL, 'DMBAIJ0060', NULL, 0, NULL, 1, NULL, 54, '2025-12-30 23:28:36', '2025-12-30 23:28:36'),
	(46, 61, 'Nisha Chandran', NULL, '1993-11-30', 'female', 3, 7, '', 'premium', 'active', NULL, 'DMNISH0061', NULL, 0, NULL, 2, NULL, 55, '2025-11-23 23:28:36', '2025-11-23 23:28:36'),
	(47, 62, 'Shyam Kumar', NULL, '1990-07-19', 'male', 5, 4, '', 'standard', '', NULL, 'DMSHYA0062', NULL, 0, NULL, 2, NULL, 56, '2026-01-16 23:28:36', '2026-01-16 23:28:36'),
	(48, 63, 'Deepthi Raj', NULL, '1995-01-11', 'female', 7, 10, '', 'standard', '', NULL, 'DMDEEP0063', NULL, 0, NULL, 3, NULL, 57, '2025-12-13 23:28:36', '2025-12-13 23:28:36'),
	(49, 64, 'Subin Alex', NULL, '1991-06-03', 'male', 4, 1, 'merchant_app', 'standard', '', NULL, 'DMSUBI0064', NULL, 0, NULL, 4, NULL, 58, '2025-12-26 23:28:36', '2025-12-26 23:28:36'),
	(50, 65, 'Reshmi PK', NULL, '1988-08-27', 'female', 3, 6, '', 'premium', 'active', NULL, 'DMRESH0065', NULL, 0, NULL, 6, NULL, 59, '2025-12-28 23:28:36', '2025-12-28 23:28:36'),
	(51, 66, 'Akhil James', NULL, '1997-04-15', 'male', 5, 3, '', 'standard', '', NULL, 'DMAKHI0066', NULL, 0, NULL, 1, NULL, 60, '2026-02-08 23:28:36', '2026-02-08 23:28:36'),
	(52, 67, 'Sindhu Mohan', NULL, '1994-12-09', 'female', 11, 8, '', 'standard', '', NULL, 'DMSIND0067', NULL, 0, NULL, 2, NULL, 61, '2025-11-26 23:28:36', '2025-11-26 23:28:36'),
	(53, 68, 'Vishwas Sharma', NULL, '1990-03-21', 'male', 4, 2, '', 'standard', '', NULL, 'DMVISH0068', NULL, 0, NULL, 4, NULL, 62, '2025-12-19 23:28:36', '2025-12-19 23:28:36'),
	(54, 69, 'Preethi Balan', NULL, '1986-07-08', 'female', 3, 5, '', 'premium', 'active', NULL, 'DMPREE0069', NULL, 0, NULL, 5, NULL, 63, '2026-01-10 23:28:36', '2026-01-10 23:28:36'),
	(55, 70, 'Robin Thomas', NULL, '1993-09-14', 'male', 7, 4, 'merchant_app', 'standard', '', NULL, 'DMROBI0070', NULL, 0, NULL, 6, NULL, 64, '2025-12-19 23:28:36', '2025-12-19 23:28:36'),
	(56, 71, 'Anjana Suresh', NULL, '1989-05-22', 'female', 5, 7, '', 'standard', '', NULL, 'DMANJA0071', NULL, 0, NULL, 7, NULL, 65, '2026-02-15 23:28:36', '2026-02-15 23:28:36'),
	(57, 72, 'Navin Krishnan', NULL, '1995-11-17', 'male', 3, 3, '', 'standard', '', NULL, 'DMNAVI0072', NULL, 0, NULL, 8, NULL, 66, '2025-12-09 23:28:36', '2025-12-09 23:28:36'),
	(58, 73, 'Divya Pillai2', NULL, '1992-02-04', 'female', 4, 9, '', 'standard', '', NULL, 'DMDIVY0073', NULL, 0, NULL, 9, NULL, 67, '2025-12-30 23:28:36', '2025-12-30 23:28:36'),
	(59, 74, 'Sarath Babu', NULL, '1987-06-28', 'male', 5, 1, '', 'standard', '', NULL, 'DMSARA0074', NULL, 1, NULL, 10, NULL, 68, '2026-02-02 23:28:36', '2026-02-02 23:28:36'),
	(60, 75, 'Meera Rajan', NULL, '1991-10-11', 'female', 7, 6, '', 'premium', 'active', NULL, 'DMMEER0075', NULL, 0, NULL, 1, NULL, 69, '2026-02-18 23:28:36', '2026-02-18 23:28:36');

-- Dumping structure for table deal_machan.day_types
CREATE TABLE IF NOT EXISTS `day_types` (
  `id` int(10) unsigned NOT NULL AUTO_INCREMENT,
  `day_type_name` varchar(50) NOT NULL,
  `description` varchar(255) DEFAULT NULL,
  `created_at` timestamp NOT NULL DEFAULT current_timestamp(),
  `updated_at` timestamp NULL DEFAULT NULL ON UPDATE current_timestamp(),
  PRIMARY KEY (`id`),
  UNIQUE KEY `uk_day_type_name` (`day_type_name`)
) ENGINE=InnoDB AUTO_INCREMENT=6 DEFAULT CHARSET=utf8mb4 COLLATE=utf8mb4_unicode_ci;

-- Dumping data for table deal_machan.day_types: ~5 rows (approximately)
INSERT INTO `day_types` (`id`, `day_type_name`, `description`, `created_at`, `updated_at`) VALUES
	(1, 'Weekday', 'Monday to Friday', '2025-10-22 10:06:11', NULL),
	(2, 'Weekend', 'Saturday and Sunday', '2025-10-22 10:06:11', NULL),
	(3, 'Public Holiday', 'National or state holidays', '2025-10-22 10:06:11', NULL),
	(4, 'Festival', 'Religious or cultural festivals', '2025-10-22 10:06:11', NULL),
	(5, 'All Days', 'Valid on all days', '2025-10-22 10:06:11', NULL);

-- Dumping structure for table deal_machan.dealmaker_tasks
CREATE TABLE IF NOT EXISTS `dealmaker_tasks` (
  `id` int(10) unsigned NOT NULL AUTO_INCREMENT,
  `dealmaker_customer_id` int(10) unsigned NOT NULL,
  `task_type` enum('customer_assistance','merchant_visit','survey','promotion','other') NOT NULL,
  `task_description` text NOT NULL,
  `assigned_by_admin_id` int(10) unsigned NOT NULL,
  `status` enum('assigned','in_progress','completed','verified') NOT NULL DEFAULT 'assigned',
  `assigned_at` timestamp NOT NULL DEFAULT current_timestamp(),
  `completed_at` timestamp NULL DEFAULT NULL,
  `completion_notes` text DEFAULT NULL,
  `reward_amount` decimal(10,2) DEFAULT NULL,
  `reward_status` enum('pending','paid') NOT NULL DEFAULT 'pending',
  PRIMARY KEY (`id`),
  KEY `idx_dealmaker_id` (`dealmaker_customer_id`),
  KEY `idx_task_type` (`task_type`),
  KEY `idx_status` (`status`),
  KEY `idx_assigned_by` (`assigned_by_admin_id`),
  CONSTRAINT `fk_dealmaker_tasks_admin` FOREIGN KEY (`assigned_by_admin_id`) REFERENCES `admins` (`id`) ON DELETE CASCADE,
  CONSTRAINT `fk_dealmaker_tasks_customer` FOREIGN KEY (`dealmaker_customer_id`) REFERENCES `customers` (`id`) ON DELETE CASCADE
) ENGINE=InnoDB AUTO_INCREMENT=40 DEFAULT CHARSET=utf8mb4 COLLATE=utf8mb4_unicode_ci;

-- Dumping data for table deal_machan.dealmaker_tasks: ~39 rows (approximately)
INSERT INTO `dealmaker_tasks` (`id`, `dealmaker_customer_id`, `task_type`, `task_description`, `assigned_by_admin_id`, `status`, `assigned_at`, `completed_at`, `completion_notes`, `reward_amount`, `reward_status`) VALUES
	(1, 11, 'customer_assistance', 'Assist 5 new customers with Deal Machan registration at Lulu Mall Kochi', 1, 'verified', '2026-01-30 14:52:54', '2026-02-04 14:52:54', 'Successfully assisted 7 customers', 500.00, 'paid'),
	(2, 11, 'merchant_visit', 'Visit and onboard 3 new merchants in Edapally area', 2, 'completed', '2026-02-09 14:52:54', '2026-02-16 14:52:54', 'Onboarded 3 merchants as requested', 750.00, 'pending'),
	(3, 11, 'promotion', 'Distribute Deal Machan flyers at MG Road event', 1, 'verified', '2026-01-20 14:52:54', '2026-01-25 14:52:54', 'Distributed 500 flyers', 300.00, 'paid'),
	(4, 17, 'survey', 'Conduct customer satisfaction survey at Calicut outlets - minimum 20 responses', 3, 'completed', '2026-02-11 14:52:54', '2026-02-17 14:52:54', 'Collected 25 survey responses', 400.00, 'pending'),
	(5, 17, 'customer_assistance', 'Help customers activate their Deal Machan cards at Palayam event', 2, 'in_progress', '2026-02-14 14:52:54', NULL, NULL, 350.00, 'pending'),
	(6, 17, 'merchant_visit', 'Audit 5 existing merchants for compliance and update their store info', 1, 'assigned', '2026-02-17 14:52:54', NULL, NULL, 600.00, 'pending'),
	(7, 25, 'promotion', 'Social media campaign for Deal Machan - post 10 stories with hashtag', 4, 'verified', '2026-02-04 14:52:54', '2026-02-09 14:52:54', 'Posted 12 stories, 2500 reach', 200.00, 'paid'),
	(8, 25, 'customer_assistance', 'Demonstrate Deal Machan app to 10 potential premium customers in Thrissur', 3, 'in_progress', '2026-02-15 14:52:54', NULL, NULL, 450.00, 'pending'),
	(9, 25, 'other', 'Represent Deal Machan at Thrissur business expo 2026', 1, 'assigned', '2026-02-19 14:52:54', NULL, NULL, 800.00, 'pending'),
	(10, 11, 'customer_assistance', 'Help new customer register on DealMachan app', 4, 'assigned', '2025-12-18 13:55:39', NULL, NULL, 151.00, 'pending'),
	(11, 17, 'merchant_visit', 'Conduct mystery shopping visit at Royal Textiles', 2, 'in_progress', '2026-02-04 13:55:39', NULL, NULL, 315.00, 'pending'),
	(12, 25, 'survey', 'Collect feedback from customers at Lulu Mall area', 3, 'completed', '2025-12-23 13:55:39', '2026-01-04 13:55:39', 'Task completed successfully as per requirements.', 279.00, 'pending'),
	(13, 35, 'promotion', 'Distribute DealMachan brochures at Technopark', 1, 'verified', '2026-02-07 13:55:39', '2026-02-12 13:55:39', 'Task completed successfully as per requirements.', 159.00, 'paid'),
	(14, 59, 'other', 'Attend DealMachan partner onboarding event', 6, 'completed', '2026-01-10 13:55:39', '2026-01-22 13:55:39', 'Task completed successfully as per requirements.', 342.00, 'pending'),
	(15, 11, 'customer_assistance', 'Guide customer through coupon redemption process', 5, 'completed', '2025-12-11 13:55:39', '2025-12-16 13:55:39', 'Task completed successfully as per requirements.', 238.00, 'pending'),
	(16, 17, 'merchant_visit', 'Visit Spice Garden merchant to verify service quality', 5, 'assigned', '2026-01-05 13:55:39', NULL, NULL, 391.00, 'pending'),
	(17, 25, 'survey', 'Survey 5 merchants about coupon acceptance issues', 2, 'in_progress', '2026-01-09 13:55:39', NULL, NULL, 394.00, 'pending'),
	(18, 35, 'promotion', 'Social media promotion for Onam special offers', 3, 'completed', '2025-12-20 13:55:39', '2025-12-31 13:55:39', 'Task completed successfully as per requirements.', 260.00, 'pending'),
	(19, 59, 'other', 'Coordinate with local merchant association', 5, 'verified', '2026-02-07 13:55:39', '2026-02-18 13:55:39', 'Task completed successfully as per requirements.', 122.00, 'paid'),
	(20, 11, 'customer_assistance', 'Assist customer with card activation issue', 6, 'completed', '2025-12-25 13:55:39', '2026-01-04 13:55:39', 'Task completed successfully as per requirements.', 417.00, 'pending'),
	(21, 17, 'merchant_visit', 'Evaluate customer service at FitZone gym', 6, 'completed', '2026-01-12 13:55:39', '2026-01-18 13:55:39', 'Task completed successfully as per requirements.', 424.00, 'pending'),
	(22, 25, 'survey', 'Conduct 10 customer satisfaction surveys in Pattom area', 6, 'assigned', '2026-01-18 13:55:39', NULL, NULL, 414.00, 'pending'),
	(23, 35, 'promotion', 'Promote new merchant partners at Infopark', 1, 'in_progress', '2025-12-14 13:55:39', NULL, NULL, 330.00, 'pending'),
	(24, 59, 'other', 'Report on competitor loyalty programs in the city', 1, 'completed', '2025-12-19 13:55:39', '2025-12-27 13:55:39', 'Task completed successfully as per requirements.', 195.00, 'pending'),
	(25, 11, 'customer_assistance', 'Help new customer register on DealMachan app', 1, 'verified', '2025-12-29 13:55:39', '2026-01-01 13:55:39', 'Task completed successfully as per requirements.', 175.00, 'paid'),
	(26, 17, 'merchant_visit', 'Conduct mystery shopping visit at Royal Textiles', 5, 'completed', '2025-12-23 13:55:39', '2026-01-06 13:55:39', 'Task completed successfully as per requirements.', 173.00, 'pending'),
	(27, 25, 'survey', 'Collect feedback from customers at Lulu Mall area', 6, 'completed', '2026-01-06 13:55:39', '2026-01-09 13:55:39', 'Task completed successfully as per requirements.', 104.00, 'pending'),
	(28, 35, 'promotion', 'Distribute DealMachan brochures at Technopark', 4, 'assigned', '2025-12-08 13:55:39', NULL, NULL, 144.00, 'pending'),
	(29, 59, 'other', 'Attend DealMachan partner onboarding event', 5, 'in_progress', '2026-01-15 13:55:39', NULL, NULL, 255.00, 'pending'),
	(30, 11, 'customer_assistance', 'Guide customer through coupon redemption process', 1, 'completed', '2025-11-28 13:55:39', '2025-12-12 13:55:39', 'Task completed successfully as per requirements.', 229.00, 'pending'),
	(31, 17, 'merchant_visit', 'Visit Spice Garden merchant to verify service quality', 3, 'verified', '2026-01-05 13:55:39', '2026-01-10 13:55:39', 'Task completed successfully as per requirements.', 253.00, 'paid'),
	(32, 25, 'survey', 'Survey 5 merchants about coupon acceptance issues', 4, 'completed', '2026-01-02 13:55:39', '2026-01-08 13:55:39', 'Task completed successfully as per requirements.', 160.00, 'pending'),
	(33, 35, 'promotion', 'Social media promotion for Onam special offers', 3, 'completed', '2025-12-28 13:55:39', '2026-01-02 13:55:39', 'Task completed successfully as per requirements.', 442.00, 'pending'),
	(34, 59, 'other', 'Coordinate with local merchant association', 1, 'assigned', '2026-01-08 13:55:39', NULL, NULL, 290.00, 'pending'),
	(35, 11, 'customer_assistance', 'Assist customer with card activation issue', 6, 'in_progress', '2026-01-11 13:55:39', NULL, NULL, 309.00, 'pending'),
	(36, 17, 'merchant_visit', 'Evaluate customer service at FitZone gym', 2, 'completed', '2026-01-11 13:55:39', '2026-01-25 13:55:39', 'Task completed successfully as per requirements.', 490.00, 'pending'),
	(37, 25, 'survey', 'Conduct 10 customer satisfaction surveys in Pattom area', 6, 'verified', '2025-12-23 13:55:39', '2026-01-01 13:55:39', 'Task completed successfully as per requirements.', 332.00, 'paid'),
	(38, 35, 'promotion', 'Promote new merchant partners at Infopark', 6, 'completed', '2025-12-13 13:55:39', '2025-12-25 13:55:39', 'Task completed successfully as per requirements.', 238.00, 'pending'),
	(39, 59, 'other', 'Report on competitor loyalty programs in the city', 1, 'completed', '2025-12-19 13:55:39', '2025-12-22 13:55:39', 'Task completed successfully as per requirements.', 475.00, 'pending');

-- Dumping structure for table deal_machan.flash_discounts
CREATE TABLE IF NOT EXISTS `flash_discounts` (
  `id` int(10) unsigned NOT NULL AUTO_INCREMENT,
  `merchant_id` int(10) unsigned NOT NULL,
  `store_id` int(10) unsigned DEFAULT NULL,
  `title` varchar(255) NOT NULL,
  `description` text DEFAULT NULL,
  `discount_percentage` decimal(5,2) NOT NULL,
  `valid_from` timestamp NULL DEFAULT NULL,
  `valid_until` timestamp NULL DEFAULT NULL,
  `max_redemptions` int(11) DEFAULT NULL,
  `current_redemptions` int(11) NOT NULL DEFAULT 0,
  `status` enum('active','inactive','expired') NOT NULL DEFAULT 'active',
  `created_at` timestamp NOT NULL DEFAULT current_timestamp(),
  `updated_at` timestamp NULL DEFAULT NULL ON UPDATE current_timestamp(),
  PRIMARY KEY (`id`),
  KEY `idx_merchant_id` (`merchant_id`),
  KEY `idx_store_id` (`store_id`),
  KEY `idx_status` (`status`),
  KEY `idx_valid_dates` (`valid_from`,`valid_until`),
  CONSTRAINT `fk_flash_discounts_merchant` FOREIGN KEY (`merchant_id`) REFERENCES `merchants` (`id`) ON DELETE CASCADE,
  CONSTRAINT `fk_flash_discounts_store` FOREIGN KEY (`store_id`) REFERENCES `stores` (`id`) ON DELETE CASCADE
) ENGINE=InnoDB AUTO_INCREMENT=19 DEFAULT CHARSET=utf8mb4 COLLATE=utf8mb4_unicode_ci;

-- Dumping data for table deal_machan.flash_discounts: ~18 rows (approximately)
INSERT INTO `flash_discounts` (`id`, `merchant_id`, `store_id`, `title`, `description`, `discount_percentage`, `valid_from`, `valid_until`, `max_redemptions`, `current_redemptions`, `status`, `created_at`, `updated_at`) VALUES
	(1, 1, 1, 'Midnight Hunger Special', '50% off after 10 PM on selected items', 50.00, '2026-02-18 13:54:31', '2026-02-22 13:54:31', 30, 12, 'active', '2026-02-19 13:54:31', '2026-02-19 13:54:31'),
	(2, 2, 2, 'Flash Lunch Hour', 'Flat 30% on all lunch items 12-2 PM', 30.00, '2026-02-17 13:54:31', '2026-02-24 13:54:31', 50, 20, 'active', '2026-02-19 13:54:31', '2026-02-19 13:54:31'),
	(3, 3, 4, 'Weekend Textile Flash', '25% off on all dress materials', 25.00, '2026-02-20 18:30:00', '2026-02-22 13:54:31', 40, 15, 'active', '2026-02-19 13:54:31', '2026-02-19 13:54:31'),
	(4, 4, 5, 'Sweet Festival Flash', 'Buy 500g get 200g free this evening', 40.00, '2026-02-18 13:54:31', '2026-02-20 13:54:31', 60, 22, 'active', '2026-02-19 13:54:31', '2026-02-19 13:54:31'),
	(5, 5, 6, 'Gym Trial Flash', 'Free 1-week trial for new members', 100.00, '2026-02-16 13:54:31', '2026-02-26 13:54:31', 20, 8, 'active', '2026-02-19 13:54:31', '2026-02-19 13:54:31'),
	(6, 7, 8, 'Happy Hours Coffee', '2nd coffee free 3-5 PM', 50.00, '2026-02-17 13:54:31', '2026-02-21 13:54:31', 80, 35, 'active', '2026-02-19 13:54:31', '2026-02-19 13:54:31'),
	(7, 9, 10, 'Biriyani Box Flash', 'Extra parcel with every family box', 20.00, '2026-02-18 13:54:31', '2026-02-21 13:54:31', 50, 18, 'active', '2026-02-19 13:54:31', '2026-02-19 13:54:31'),
	(8, 17, 16, 'Rubber Products Flash', '15% off all automotive rubber', 15.00, '2026-02-16 13:54:31', '2026-02-23 13:54:31', 25, 10, 'active', '2026-02-19 13:54:31', '2026-02-19 13:54:31'),
	(9, 18, 18, 'Gold Flash Day', 'Making charges waived for 24 hours', 100.00, '2026-02-19 13:54:31', '2026-02-20 13:54:31', 10, 3, 'active', '2026-02-19 13:54:31', '2026-02-19 13:54:31'),
	(10, 20, 22, 'Fresh Catch Flash', 'Fresh fish 20% off today only', 20.00, '2026-02-19 13:54:31', '2026-02-20 13:54:31', 40, 14, 'active', '2026-02-19 13:54:31', '2026-02-19 13:54:31'),
	(11, 25, 31, 'Tea Flash Sale', 'Special monsoon tea blend 25% off', 25.00, '2026-02-17 13:54:31', '2026-02-22 13:54:31', 35, 8, 'active', '2026-02-19 13:54:31', '2026-02-19 13:54:31'),
	(12, 27, 34, 'Houseboat Flash', 'Last-minute booking 30% off', 30.00, '2026-02-18 13:54:31', '2026-02-21 13:54:31', 5, 2, 'active', '2026-02-19 13:54:31', '2026-02-19 13:54:31'),
	(13, 14, 14, 'Cake Flash Order', 'Same-day custom cake order 20% off', 20.00, '2026-02-18 13:54:31', '2026-02-20 13:54:31', 15, 5, 'active', '2026-02-19 13:54:31', '2026-02-19 13:54:31'),
	(14, 19, 20, 'Heritage Breakfast Flash', 'Free filter coffee with any full breakfast', 100.00, '2026-02-17 13:54:31', '2026-02-24 13:54:31', 60, 25, 'active', '2026-02-19 13:54:31', '2026-02-19 13:54:31'),
	(15, 2, 3, 'Spice Garden Old Flash', '30% week offer', 30.00, '2026-01-20 13:54:31', '2026-01-27 13:54:31', 50, 50, 'expired', '2026-02-19 13:54:31', '2026-02-19 13:54:31'),
	(16, 10, 12, 'Gold Week Flash', 'Annual gold saving scheme', 10.00, '2025-12-21 13:54:31', '2025-12-26 13:54:31', 20, 18, 'expired', '2026-02-19 13:54:31', '2026-02-19 13:54:31'),
	(17, 8, 9, 'Electronics Diwali', 'Diwali 20% electronics', 20.00, '2026-01-05 13:54:31', '2026-01-12 13:54:31', 30, 28, 'expired', '2026-02-19 13:54:31', '2026-02-19 13:54:31'),
	(18, 13, 13, 'Resort Off Season', 'Off-season special 40%', 40.00, '2025-11-21 13:54:31', '2025-11-28 13:54:31', 8, 6, 'expired', '2026-02-19 13:54:31', '2026-02-19 13:54:31');

-- Dumping structure for table deal_machan.gift_coupons
CREATE TABLE IF NOT EXISTS `gift_coupons` (
  `id` int(10) unsigned NOT NULL AUTO_INCREMENT,
  `admin_id` int(10) unsigned NOT NULL,
  `customer_id` int(10) unsigned NOT NULL,
  `coupon_id` int(10) unsigned NOT NULL,
  `requires_acceptance` tinyint(1) NOT NULL DEFAULT 0,
  `acceptance_status` enum('pending','accepted','rejected') DEFAULT NULL,
  `gifted_at` timestamp NOT NULL DEFAULT current_timestamp(),
  `accepted_at` timestamp NULL DEFAULT NULL,
  `expires_at` timestamp NULL DEFAULT NULL,
  PRIMARY KEY (`id`),
  KEY `idx_admin_id` (`admin_id`),
  KEY `idx_customer_id` (`customer_id`),
  KEY `idx_coupon_id` (`coupon_id`),
  KEY `idx_acceptance_status` (`acceptance_status`),
  CONSTRAINT `fk_gift_coupons_admin` FOREIGN KEY (`admin_id`) REFERENCES `admins` (`id`) ON DELETE CASCADE,
  CONSTRAINT `fk_gift_coupons_coupon` FOREIGN KEY (`coupon_id`) REFERENCES `coupons` (`id`) ON DELETE CASCADE,
  CONSTRAINT `fk_gift_coupons_customer` FOREIGN KEY (`customer_id`) REFERENCES `customers` (`id`) ON DELETE CASCADE
) ENGINE=InnoDB AUTO_INCREMENT=21 DEFAULT CHARSET=utf8mb4 COLLATE=utf8mb4_unicode_ci;

-- Dumping data for table deal_machan.gift_coupons: ~20 rows (approximately)
INSERT INTO `gift_coupons` (`id`, `admin_id`, `customer_id`, `coupon_id`, `requires_acceptance`, `acceptance_status`, `gifted_at`, `accepted_at`, `expires_at`) VALUES
	(1, 1, 1, 41, 0, 'accepted', '2026-01-20 13:53:35', '2026-01-21 13:53:35', '2026-04-20 13:53:35'),
	(2, 1, 11, 42, 1, 'accepted', '2026-01-25 13:53:35', '2026-01-26 13:53:35', '2026-03-21 13:53:35'),
	(3, 1, 12, 44, 0, 'accepted', '2026-01-30 13:53:35', '2026-01-31 13:53:35', '2026-03-16 13:53:35'),
	(4, 2, 13, 16, 1, 'accepted', '2026-02-01 13:53:35', '2026-02-02 13:53:35', '2026-03-21 13:53:35'),
	(5, 2, 14, 18, 0, 'accepted', '2026-02-04 13:53:35', '2026-02-05 13:53:35', '2026-04-05 13:53:35'),
	(6, 3, 15, 41, 1, 'pending', '2026-02-09 13:53:35', NULL, '2026-04-05 13:53:35'),
	(7, 3, 16, 46, 0, 'accepted', '2026-02-07 13:53:35', '2026-02-08 13:53:35', '2026-03-21 13:53:35'),
	(8, 4, 17, 50, 1, 'accepted', '2026-02-11 13:53:35', '2026-02-12 13:53:35', '2026-03-21 13:53:35'),
	(9, 4, 18, 23, 0, 'accepted', '2026-02-13 13:53:35', '2026-02-14 13:53:35', '2026-03-16 13:53:35'),
	(10, 1, 19, 33, 1, 'rejected', '2026-02-14 13:53:35', NULL, '2026-03-11 13:53:35'),
	(11, 5, 20, 37, 0, 'accepted', '2026-02-15 13:53:35', '2026-02-16 13:53:35', '2026-04-20 13:53:35'),
	(12, 5, 21, 41, 1, 'accepted', '2026-02-16 13:53:35', '2026-02-17 13:53:35', '2026-03-21 13:53:35'),
	(13, 6, 22, 44, 0, 'accepted', '2026-02-17 13:53:35', '2026-02-18 13:53:35', '2026-03-21 13:53:35'),
	(14, 7, 23, 18, 1, 'pending', '2026-02-18 13:53:35', NULL, '2026-03-16 13:53:35'),
	(15, 8, 24, 41, 0, 'accepted', '2026-02-12 13:53:35', '2026-02-13 13:53:35', '2026-04-05 13:53:35'),
	(16, 1, 25, 50, 1, 'accepted', '2026-02-10 13:53:35', '2026-02-11 13:53:35', '2026-03-21 13:53:35'),
	(17, 2, 26, 16, 0, 'accepted', '2026-02-08 13:53:35', '2026-02-09 13:53:35', '2026-04-10 13:53:35'),
	(18, 3, 27, 42, 1, 'accepted', '2026-02-06 13:53:35', '2026-02-07 13:53:35', '2026-03-26 13:53:35'),
	(19, 4, 28, 46, 0, 'accepted', '2026-02-04 13:53:35', '2026-02-05 13:53:35', '2026-03-21 13:53:35'),
	(20, 1, 29, 23, 1, 'pending', '2026-02-17 13:53:35', NULL, '2026-03-11 13:53:35');

-- Dumping structure for table deal_machan.grievances
CREATE TABLE IF NOT EXISTS `grievances` (
  `id` int(10) unsigned NOT NULL AUTO_INCREMENT,
  `customer_id` int(10) unsigned NOT NULL,
  `merchant_id` int(10) unsigned NOT NULL,
  `store_id` int(10) unsigned DEFAULT NULL,
  `subject` varchar(255) NOT NULL,
  `description` text NOT NULL,
  `status` enum('open','in_progress','resolved','closed') NOT NULL DEFAULT 'open',
  `priority` enum('low','medium','high','urgent') NOT NULL DEFAULT 'medium',
  `created_at` timestamp NOT NULL DEFAULT current_timestamp(),
  `resolved_at` timestamp NULL DEFAULT NULL,
  `resolution_notes` text DEFAULT NULL,
  PRIMARY KEY (`id`),
  KEY `idx_customer_id` (`customer_id`),
  KEY `idx_merchant_id` (`merchant_id`),
  KEY `idx_store_id` (`store_id`),
  KEY `idx_status` (`status`),
  KEY `idx_priority` (`priority`),
  CONSTRAINT `fk_grievances_customer` FOREIGN KEY (`customer_id`) REFERENCES `customers` (`id`) ON DELETE CASCADE,
  CONSTRAINT `fk_grievances_merchant` FOREIGN KEY (`merchant_id`) REFERENCES `merchants` (`id`) ON DELETE CASCADE,
  CONSTRAINT `fk_grievances_store` FOREIGN KEY (`store_id`) REFERENCES `stores` (`id`) ON DELETE SET NULL
) ENGINE=InnoDB AUTO_INCREMENT=36 DEFAULT CHARSET=utf8mb4 COLLATE=utf8mb4_unicode_ci;

-- Dumping data for table deal_machan.grievances: ~35 rows (approximately)
INSERT INTO `grievances` (`id`, `customer_id`, `merchant_id`, `store_id`, `subject`, `description`, `status`, `priority`, `created_at`, `resolved_at`, `resolution_notes`) VALUES
	(1, 16, 28, 36, 'Coupon not accepted by merchant', 'The merchant refused to accept my valid coupon without any reason.', 'resolved', 'low', '2025-11-07 13:54:31', '2025-11-13 13:54:31', 'Issue has been resolved after discussion with the merchant.'),
	(2, 1, 4, 40, 'Poor service quality', 'The service quality was far below the expected standard.', 'resolved', 'medium', '2025-10-25 13:54:31', '2025-10-29 13:54:31', 'Issue has been resolved after discussion with the merchant.'),
	(3, 50, 17, 16, 'Wrong bill amount', 'I was charged the wrong amount on my bill.', 'open', 'medium', '2025-11-03 13:54:31', NULL, NULL),
	(4, 42, 7, 8, 'Staff rudeness', 'The staff was rude and unprofessional.', 'in_progress', 'high', '2025-11-28 13:54:31', NULL, NULL),
	(5, 25, 14, 14, 'Product quality issue', 'The product quality did not match the description.', 'closed', 'urgent', '2025-12-24 13:54:31', '2026-01-01 13:54:31', 'Issue has been resolved after discussion with the merchant.'),
	(6, 29, 10, 47, 'Long waiting time', 'Had to wait for over 30 minutes without any service.', 'open', 'low', '2026-01-01 13:54:31', NULL, NULL),
	(7, 28, 28, 37, 'Discount not applied correctly', 'The discount was not applied correctly at checkout.', 'in_progress', 'medium', '2025-12-27 13:54:31', NULL, NULL),
	(8, 29, 8, 45, 'Damaged product received', 'I received a damaged product and couldn\'t get a replacement.', 'resolved', 'high', '2026-01-04 13:54:31', '2026-01-14 13:54:31', 'Issue has been resolved after discussion with the merchant.'),
	(9, 19, 9, 10, 'Duplicate charge on account', 'I was charged twice for the same purchase.', 'resolved', 'low', '2025-10-22 13:54:31', '2025-10-26 13:54:31', 'Issue has been resolved after discussion with the merchant.'),
	(10, 13, 22, 27, 'Unhygienic conditions at store', 'The store premises were unhygienic and unsafe.', 'resolved', 'medium', '2025-12-16 13:54:31', '2025-12-18 13:54:31', 'Issue has been resolved after discussion with the merchant.'),
	(11, 50, 4, 39, 'Coupon not accepted by merchant', 'The merchant refused to accept my valid coupon without any reason.', 'open', 'medium', '2025-11-08 13:54:31', NULL, NULL),
	(12, 40, 28, 37, 'Poor service quality', 'The service quality was far below the expected standard.', 'in_progress', 'high', '2026-01-15 13:54:31', NULL, NULL),
	(13, 38, 18, 19, 'Wrong bill amount', 'I was charged the wrong amount on my bill.', 'closed', 'urgent', '2025-11-01 13:54:31', '2025-11-02 13:54:31', 'Issue has been resolved after discussion with the merchant.'),
	(14, 51, 17, 17, 'Staff rudeness', 'The staff was rude and unprofessional.', 'open', 'low', '2025-10-16 13:54:31', NULL, NULL),
	(15, 13, 22, 27, 'Product quality issue', 'The product quality did not match the description.', 'in_progress', 'medium', '2026-01-22 13:54:31', NULL, NULL),
	(16, 54, 14, 15, 'Long waiting time', 'Had to wait for over 30 minutes without any service.', 'resolved', 'high', '2026-01-17 13:54:31', '2026-01-22 13:54:31', 'Issue has been resolved after discussion with the merchant.'),
	(17, 26, 17, 16, 'Discount not applied correctly', 'The discount was not applied correctly at checkout.', 'resolved', 'low', '2026-01-05 13:54:31', '2026-01-12 13:54:31', 'Issue has been resolved after discussion with the merchant.'),
	(18, 52, 18, 19, 'Damaged product received', 'I received a damaged product and couldn\'t get a replacement.', 'resolved', 'medium', '2026-02-12 13:54:31', '2026-02-15 13:54:31', 'Issue has been resolved after discussion with the merchant.'),
	(19, 12, 5, 6, 'Duplicate charge on account', 'I was charged twice for the same purchase.', 'open', 'medium', '2025-12-06 13:54:31', NULL, NULL),
	(20, 29, 27, 35, 'Unhygienic conditions at store', 'The store premises were unhygienic and unsafe.', 'in_progress', 'high', '2025-11-11 13:54:31', NULL, NULL),
	(21, 16, 22, 26, 'Coupon not accepted by merchant', 'The merchant refused to accept my valid coupon without any reason.', 'closed', 'urgent', '2025-12-15 13:54:31', '2025-12-17 13:54:31', 'Issue has been resolved after discussion with the merchant.'),
	(22, 53, 8, 44, 'Poor service quality', 'The service quality was far below the expected standard.', 'open', 'low', '2025-10-11 13:54:31', NULL, NULL),
	(23, 47, 14, 48, 'Wrong bill amount', 'I was charged the wrong amount on my bill.', 'in_progress', 'medium', '2025-11-03 13:54:31', NULL, NULL),
	(24, 20, 21, 24, 'Staff rudeness', 'The staff was rude and unprofessional.', 'resolved', 'high', '2025-12-24 13:54:31', '2025-12-27 13:54:31', 'Issue has been resolved after discussion with the merchant.'),
	(25, 36, 18, 18, 'Product quality issue', 'The product quality did not match the description.', 'resolved', 'low', '2025-10-21 13:54:31', '2025-10-31 13:54:31', 'Issue has been resolved after discussion with the merchant.'),
	(26, 59, 18, 19, 'Long waiting time', 'Had to wait for over 30 minutes without any service.', 'resolved', 'medium', '2025-10-07 13:54:31', '2025-10-09 13:54:31', 'Issue has been resolved after discussion with the merchant.'),
	(27, 31, 21, 25, 'Discount not applied correctly', 'The discount was not applied correctly at checkout.', 'open', 'medium', '2026-02-01 13:54:31', NULL, NULL),
	(28, 1, 17, 17, 'Damaged product received', 'I received a damaged product and couldn\'t get a replacement.', 'in_progress', 'high', '2025-11-07 13:54:31', NULL, NULL),
	(29, 40, 23, 28, 'Duplicate charge on account', 'I was charged twice for the same purchase.', 'closed', 'urgent', '2026-02-08 13:54:31', '2026-02-14 13:54:31', 'Issue has been resolved after discussion with the merchant.'),
	(30, 30, 17, 16, 'Unhygienic conditions at store', 'The store premises were unhygienic and unsafe.', 'open', 'low', '2025-11-08 13:54:31', NULL, NULL),
	(31, 35, 6, 42, 'Coupon not accepted by merchant', 'The merchant refused to accept my valid coupon without any reason.', 'in_progress', 'medium', '2026-01-15 13:54:31', NULL, NULL),
	(32, 42, 8, 44, 'Poor service quality', 'The service quality was far below the expected standard.', 'resolved', 'high', '2025-11-12 13:54:31', '2025-11-15 13:54:31', 'Issue has been resolved after discussion with the merchant.'),
	(33, 31, 21, 24, 'Wrong bill amount', 'I was charged the wrong amount on my bill.', 'resolved', 'low', '2025-10-26 13:54:31', '2025-11-02 13:54:31', 'Issue has been resolved after discussion with the merchant.'),
	(34, 55, 26, 33, 'Staff rudeness', 'The staff was rude and unprofessional.', 'resolved', 'medium', '2025-12-25 13:54:31', '2026-01-01 13:54:31', 'Issue has been resolved after discussion with the merchant.'),
	(35, 17, 18, 18, 'Product quality issue', 'The product quality did not match the description.', 'open', 'medium', '2026-01-01 13:54:31', NULL, NULL);

-- Dumping structure for table deal_machan.job_titles
CREATE TABLE IF NOT EXISTS `job_titles` (
  `id` int(10) unsigned NOT NULL AUTO_INCREMENT,
  `job_title_name` varchar(100) NOT NULL,
  `profession_id` int(10) unsigned NOT NULL,
  `status` enum('active','inactive') NOT NULL DEFAULT 'active',
  `created_at` timestamp NOT NULL DEFAULT current_timestamp(),
  `updated_at` timestamp NULL DEFAULT NULL ON UPDATE current_timestamp(),
  PRIMARY KEY (`id`),
  KEY `idx_profession_id` (`profession_id`),
  KEY `idx_job_title_status` (`status`),
  CONSTRAINT `fk_job_titles_profession` FOREIGN KEY (`profession_id`) REFERENCES `professions` (`id`) ON DELETE CASCADE
) ENGINE=InnoDB AUTO_INCREMENT=19 DEFAULT CHARSET=utf8mb4 COLLATE=utf8mb4_unicode_ci;

-- Dumping data for table deal_machan.job_titles: ~18 rows (approximately)
INSERT INTO `job_titles` (`id`, `job_title_name`, `profession_id`, `status`, `created_at`, `updated_at`) VALUES
	(1, 'Software Engineer', 1, 'active', '2025-10-22 10:06:11', NULL),
	(2, 'Senior Software Engineer', 1, 'active', '2025-10-22 10:06:11', NULL),
	(3, 'Tech Lead', 1, 'active', '2025-10-22 10:06:11', NULL),
	(4, 'Project Manager', 1, 'active', '2025-10-22 10:06:11', NULL),
	(5, 'Product Manager', 1, 'active', '2025-10-22 10:06:11', NULL),
	(6, 'Data Scientist', 1, 'active', '2025-10-22 10:06:11', NULL),
	(7, 'DevOps Engineer', 1, 'active', '2025-10-22 10:06:11', NULL),
	(8, 'QA Engineer', 1, 'active', '2025-10-22 10:06:11', NULL),
	(9, 'Doctor', 2, 'active', '2025-10-22 10:06:11', NULL),
	(10, 'Nurse', 2, 'active', '2025-10-22 10:06:11', NULL),
	(11, 'Pharmacist', 2, 'active', '2025-10-22 10:06:11', NULL),
	(12, 'Medical Technician', 2, 'active', '2025-10-22 10:06:11', NULL),
	(13, 'Healthcare Administrator', 2, 'active', '2025-10-22 10:06:11', NULL),
	(14, 'Teacher', 3, 'active', '2025-10-22 10:06:11', NULL),
	(15, 'Professor', 3, 'active', '2025-10-22 10:06:11', NULL),
	(16, 'Principal', 3, 'active', '2025-10-22 10:06:11', NULL),
	(17, 'Lecturer', 3, 'active', '2025-10-22 10:06:11', NULL),
	(18, 'Education Counselor', 3, 'active', '2025-10-22 10:06:11', NULL);

-- Dumping structure for table deal_machan.labels
CREATE TABLE IF NOT EXISTS `labels` (
  `id` int(10) unsigned NOT NULL AUTO_INCREMENT,
  `label_name` varchar(100) NOT NULL,
  `label_icon` varchar(255) DEFAULT NULL,
  `description` text DEFAULT NULL,
  `priority_weight` int(11) NOT NULL DEFAULT 0,
  `status` enum('active','inactive') NOT NULL DEFAULT 'active',
  `created_at` timestamp NOT NULL DEFAULT current_timestamp(),
  `updated_at` timestamp NULL DEFAULT NULL ON UPDATE current_timestamp(),
  PRIMARY KEY (`id`),
  UNIQUE KEY `uk_label_name` (`label_name`),
  KEY `idx_priority_weight` (`priority_weight`),
  KEY `idx_label_status` (`status`)
) ENGINE=InnoDB AUTO_INCREMENT=7 DEFAULT CHARSET=utf8mb4 COLLATE=utf8mb4_unicode_ci;

-- Dumping data for table deal_machan.labels: ~6 rows (approximately)
INSERT INTO `labels` (`id`, `label_name`, `label_icon`, `description`, `priority_weight`, `status`, `created_at`, `updated_at`) VALUES
	(1, 'Verified Partner', 'verified.png', 'Officially verified by Deal Machan', 100, 'active', '2025-10-22 10:06:11', NULL),
	(2, 'Premium Partner', 'premium.png', 'Premium subscription merchant', 90, 'active', '2025-10-22 10:06:11', NULL),
	(3, 'Top Rated', 'star.png', 'Highly rated by customers', 80, 'active', '2025-10-22 10:06:11', NULL),
	(4, 'New Partner', 'new.png', 'Recently joined Deal Machan', 50, 'active', '2025-10-22 10:06:11', NULL),
	(5, 'Trending', 'trending.png', 'Currently trending merchant', 70, 'active', '2025-10-22 10:06:11', NULL),
	(6, 'Best Value', 'value.png', 'Best value for money', 75, 'active', '2025-10-22 10:06:11', NULL);

-- Dumping structure for table deal_machan.locations
CREATE TABLE IF NOT EXISTS `locations` (
  `id` int(10) unsigned NOT NULL AUTO_INCREMENT,
  `location_name` varchar(200) NOT NULL,
  `area_id` int(10) unsigned NOT NULL,
  `latitude` decimal(10,8) DEFAULT NULL,
  `longitude` decimal(11,8) DEFAULT NULL,
  `status` enum('active','inactive') NOT NULL DEFAULT 'active',
  `created_at` timestamp NOT NULL DEFAULT current_timestamp(),
  `updated_at` timestamp NULL DEFAULT NULL ON UPDATE current_timestamp(),
  PRIMARY KEY (`id`),
  KEY `idx_area_id` (`area_id`),
  KEY `idx_location_status` (`status`),
  KEY `idx_lat_lng` (`latitude`,`longitude`),
  CONSTRAINT `fk_locations_area` FOREIGN KEY (`area_id`) REFERENCES `areas` (`id`) ON DELETE CASCADE
) ENGINE=InnoDB AUTO_INCREMENT=37 DEFAULT CHARSET=utf8mb4 COLLATE=utf8mb4_unicode_ci;

-- Dumping data for table deal_machan.locations: ~36 rows (approximately)
INSERT INTO `locations` (`id`, `location_name`, `area_id`, `latitude`, `longitude`, `status`, `created_at`, `updated_at`) VALUES
	(1, 'Pattom Junction', 1, 8.52410000, 76.93660000, 'active', '2025-10-22 10:06:11', NULL),
	(2, 'Plamoodu', 1, 8.52000000, 76.94000000, 'active', '2025-10-22 10:06:11', NULL),
	(3, 'Kuravankonam', 1, 8.52800000, 76.93200000, 'active', '2025-10-22 10:06:11', NULL),
	(4, 'Broadway', 11, 9.98160000, 76.29990000, 'active', '2025-10-22 10:06:11', NULL),
	(5, 'Kaloor', 11, 9.99000000, 76.29500000, 'active', '2025-10-22 10:06:11', NULL),
	(6, 'Kadavanthra', 11, 9.96500000, 76.29500000, 'active', '2025-10-22 10:06:11', NULL),
	(7, 'Kowdiar Palace Road', 2, 8.51000000, 76.94000000, 'active', '2026-02-19 18:13:05', NULL),
	(8, 'Vellayambalam Junction', 3, 8.51000000, 76.94000000, 'active', '2026-02-19 18:13:05', NULL),
	(9, 'Museum Road', 4, 8.50000000, 76.95000000, 'active', '2026-02-19 18:13:05', NULL),
	(10, 'Central Railway Station', 5, 8.49000000, 76.95000000, 'active', '2026-02-19 18:13:05', NULL),
	(11, 'Kazhakootam Bypass', 6, 8.57000000, 76.87000000, 'active', '2026-02-19 18:13:05', NULL),
	(12, 'Technopark Phase 1', 7, 8.55000000, 76.88000000, 'active', '2026-02-19 18:13:05', NULL),
	(13, 'Kesavadasapuram Market', 8, 8.52000000, 76.93000000, 'active', '2026-02-19 18:13:05', NULL),
	(14, 'Ernakulam Junction', 11, 9.98000000, 76.28000000, 'active', '2026-02-19 18:13:05', NULL),
	(15, 'MG Road Market', 12, 9.97000000, 76.29000000, 'active', '2026-02-19 18:13:05', NULL),
	(16, 'Kakkanad IT Park', 13, 10.00000000, 76.35000000, 'active', '2026-02-19 18:13:05', NULL),
	(17, 'Edappally Junction', 14, 10.02000000, 76.31000000, 'active', '2026-02-19 18:13:05', NULL),
	(18, 'Palarivattom Signal', 15, 9.99000000, 76.30000000, 'active', '2026-02-19 18:13:05', NULL),
	(19, 'Vyttila Hub', 16, 9.96000000, 76.31000000, 'active', '2026-02-19 18:13:05', NULL),
	(20, 'Chinese Fishing Nets', 17, 9.96000000, 76.24000000, 'active', '2026-02-19 18:13:05', NULL),
	(21, 'Marine Drive Promenade', 18, 9.97000000, 76.28000000, 'active', '2026-02-19 18:13:05', NULL),
	(22, 'Kaloor Stadium', 19, 9.99000000, 76.29000000, 'active', '2026-02-19 18:13:05', NULL),
	(23, 'Aluva KSRTC Stand', 20, 10.10000000, 76.35000000, 'active', '2026-02-19 18:13:05', NULL),
	(24, 'Mavoor Road Junction', 23, 11.25000000, 75.78000000, 'active', '2026-02-19 18:13:05', NULL),
	(25, 'Palayam Bus Stand', 24, 11.25000000, 75.78000000, 'active', '2026-02-19 18:13:05', NULL),
	(26, 'Hilite Mall Entrance', 25, 11.24000000, 75.79000000, 'active', '2026-02-19 18:13:05', NULL),
	(27, 'Medical College Junction', 26, 11.26000000, 75.79000000, 'active', '2026-02-19 18:13:05', NULL),
	(28, 'Swaraj Round', 31, 10.52000000, 76.22000000, 'active', '2026-02-19 18:13:05', NULL),
	(29, 'East Fort Junction', 32, 10.52000000, 76.21000000, 'active', '2026-02-19 18:13:05', NULL),
	(30, 'Thrissur Zoo Road', 33, 10.52000000, 76.22000000, 'active', '2026-02-19 18:13:05', NULL),
	(31, 'Chinnakada Clock Tower', 38, 8.88000000, 76.59000000, 'active', '2026-02-19 18:13:05', NULL),
	(32, 'Asramam Link Road', 39, 8.87000000, 76.60000000, 'active', '2026-02-19 18:13:05', NULL),
	(33, 'Baker Junction Square', 44, 9.59000000, 76.52000000, 'active', '2026-02-19 18:13:05', NULL),
	(34, 'MC Road Main', 45, 9.60000000, 76.52000000, 'active', '2026-02-19 18:13:05', NULL),
	(35, 'Mullakkal Temple Road', 50, 9.50000000, 76.34000000, 'active', '2026-02-19 18:13:05', NULL),
	(36, 'Iron Bridge Boat Jetty', 52, 9.49000000, 76.33000000, 'active', '2026-02-19 18:13:05', NULL);

-- Dumping structure for table deal_machan.merchant_labels
CREATE TABLE IF NOT EXISTS `merchant_labels` (
  `id` int(10) unsigned NOT NULL AUTO_INCREMENT,
  `merchant_id` int(10) unsigned NOT NULL,
  `label_id` int(10) unsigned NOT NULL,
  `assigned_at` timestamp NOT NULL DEFAULT current_timestamp(),
  `assigned_by_admin_id` int(10) unsigned DEFAULT NULL,
  PRIMARY KEY (`id`),
  UNIQUE KEY `uk_merchant_label` (`merchant_id`,`label_id`),
  KEY `idx_merchant_id` (`merchant_id`),
  KEY `idx_label_id` (`label_id`),
  KEY `fk_merchant_labels_admin` (`assigned_by_admin_id`),
  CONSTRAINT `fk_merchant_labels_admin` FOREIGN KEY (`assigned_by_admin_id`) REFERENCES `admins` (`id`) ON DELETE SET NULL,
  CONSTRAINT `fk_merchant_labels_label` FOREIGN KEY (`label_id`) REFERENCES `labels` (`id`) ON DELETE CASCADE,
  CONSTRAINT `fk_merchant_labels_merchant` FOREIGN KEY (`merchant_id`) REFERENCES `merchants` (`id`) ON DELETE CASCADE
) ENGINE=InnoDB AUTO_INCREMENT=48 DEFAULT CHARSET=utf8mb4 COLLATE=utf8mb4_unicode_ci;

-- Dumping data for table deal_machan.merchant_labels: ~47 rows (approximately)
INSERT INTO `merchant_labels` (`id`, `merchant_id`, `label_id`, `assigned_at`, `assigned_by_admin_id`) VALUES
	(1, 1, 4, '2026-02-19 18:20:09', 1),
	(2, 1, 5, '2026-02-19 18:20:09', 1),
	(3, 2, 3, '2026-02-19 18:20:09', 1),
	(4, 2, 4, '2026-02-19 18:20:09', 1),
	(5, 3, 1, '2026-02-19 18:20:09', 1),
	(6, 3, 3, '2026-02-19 18:20:09', 1),
	(7, 4, 1, '2026-02-19 18:20:09', 1),
	(8, 4, 5, '2026-02-19 18:20:09', 1),
	(9, 5, 3, '2026-02-19 18:20:09', 1),
	(10, 5, 5, '2026-02-19 18:20:09', 1),
	(11, 6, 3, '2026-02-19 18:20:09', 1),
	(12, 7, 4, '2026-02-19 18:20:09', 1),
	(13, 8, 1, '2026-02-19 18:20:09', 1),
	(14, 8, 2, '2026-02-19 18:20:09', 1),
	(15, 9, 4, '2026-02-19 18:20:09', 1),
	(16, 9, 5, '2026-02-19 18:20:09', 1),
	(17, 10, 3, '2026-02-19 18:20:09', 1),
	(18, 10, 4, '2026-02-19 18:20:09', 1),
	(19, 11, 2, '2026-02-19 18:20:09', 1),
	(20, 12, 2, '2026-02-19 18:20:09', 1),
	(21, 13, 3, '2026-02-19 18:20:09', 1),
	(22, 13, 6, '2026-02-19 18:20:09', 1),
	(23, 14, 1, '2026-02-19 18:20:09', 1),
	(24, 14, 4, '2026-02-19 18:20:09', 1),
	(25, 15, 2, '2026-02-19 18:20:09', 1),
	(26, 17, 1, '2026-02-19 18:20:09', 1),
	(27, 17, 2, '2026-02-19 18:20:09', 1),
	(28, 18, 3, '2026-02-19 18:20:09', 1),
	(29, 18, 4, '2026-02-19 18:20:09', 1),
	(30, 19, 4, '2026-02-19 18:20:09', 1),
	(31, 19, 5, '2026-02-19 18:20:09', 1),
	(32, 20, 1, '2026-02-19 18:20:09', 1),
	(33, 20, 4, '2026-02-19 18:20:09', 1),
	(34, 21, 1, '2026-02-19 18:20:09', 1),
	(35, 21, 2, '2026-02-19 18:20:09', 1),
	(36, 22, 2, '2026-02-19 18:20:09', 1),
	(37, 22, 3, '2026-02-19 18:20:09', 1),
	(38, 23, 2, '2026-02-19 18:20:09', 1),
	(39, 23, 5, '2026-02-19 18:20:09', 1),
	(40, 24, 3, '2026-02-19 18:20:09', 1),
	(41, 25, 1, '2026-02-19 18:20:09', 1),
	(42, 25, 3, '2026-02-19 18:20:09', 1),
	(43, 26, 4, '2026-02-19 18:20:09', 1),
	(44, 26, 5, '2026-02-19 18:20:09', 1),
	(45, 27, 2, '2026-02-19 18:20:09', 1),
	(46, 28, 3, '2026-02-19 18:20:09', 1),
	(47, 28, 5, '2026-02-19 18:20:09', 1);

-- Dumping structure for table deal_machan.merchant_tags
CREATE TABLE IF NOT EXISTS `merchant_tags` (
  `id` int(10) unsigned NOT NULL AUTO_INCREMENT,
  `merchant_id` int(10) unsigned NOT NULL,
  `tag_id` int(10) unsigned NOT NULL,
  `created_at` timestamp NOT NULL DEFAULT current_timestamp(),
  PRIMARY KEY (`id`),
  UNIQUE KEY `uk_merchant_tag` (`merchant_id`,`tag_id`),
  KEY `idx_merchant_id` (`merchant_id`),
  KEY `idx_tag_id` (`tag_id`),
  CONSTRAINT `fk_merchant_tags_merchant` FOREIGN KEY (`merchant_id`) REFERENCES `merchants` (`id`) ON DELETE CASCADE,
  CONSTRAINT `fk_merchant_tags_tag` FOREIGN KEY (`tag_id`) REFERENCES `tags` (`id`) ON DELETE CASCADE
) ENGINE=InnoDB AUTO_INCREMENT=57 DEFAULT CHARSET=utf8mb4 COLLATE=utf8mb4_unicode_ci;

-- Dumping data for table deal_machan.merchant_tags: ~56 rows (approximately)
INSERT INTO `merchant_tags` (`id`, `merchant_id`, `tag_id`, `created_at`) VALUES
	(1, 1, 1, '2026-02-19 18:20:09'),
	(2, 1, 14, '2026-02-19 18:20:09'),
	(3, 2, 1, '2026-02-19 18:20:09'),
	(4, 2, 12, '2026-02-19 18:20:09'),
	(5, 3, 2, '2026-02-19 18:20:09'),
	(6, 4, 1, '2026-02-19 18:20:09'),
	(7, 4, 14, '2026-02-19 18:20:09'),
	(8, 5, 3, '2026-02-19 18:20:09'),
	(9, 5, 15, '2026-02-19 18:20:09'),
	(10, 6, 3, '2026-02-19 18:20:09'),
	(11, 6, 16, '2026-02-19 18:20:09'),
	(12, 7, 1, '2026-02-19 18:20:09'),
	(13, 7, 20, '2026-02-19 18:20:09'),
	(14, 8, 2, '2026-02-19 18:20:09'),
	(15, 8, 10, '2026-02-19 18:20:09'),
	(16, 9, 1, '2026-02-19 18:20:09'),
	(17, 10, 2, '2026-02-19 18:20:09'),
	(18, 10, 13, '2026-02-19 18:20:09'),
	(19, 11, 2, '2026-02-19 18:20:09'),
	(20, 11, 13, '2026-02-19 18:20:09'),
	(21, 12, 2, '2026-02-19 18:20:09'),
	(22, 12, 13, '2026-02-19 18:20:09'),
	(23, 13, 4, '2026-02-19 18:20:09'),
	(24, 13, 5, '2026-02-19 18:20:09'),
	(25, 13, 21, '2026-02-19 18:20:09'),
	(26, 14, 1, '2026-02-19 18:20:09'),
	(27, 14, 14, '2026-02-19 18:20:09'),
	(28, 15, 1, '2026-02-19 18:20:09'),
	(29, 15, 14, '2026-02-19 18:20:09'),
	(30, 16, 2, '2026-02-19 18:20:09'),
	(31, 17, 2, '2026-02-19 18:20:09'),
	(32, 18, 2, '2026-02-19 18:20:09'),
	(33, 18, 13, '2026-02-19 18:20:09'),
	(34, 18, 24, '2026-02-19 18:20:09'),
	(35, 19, 1, '2026-02-19 18:20:09'),
	(36, 19, 20, '2026-02-19 18:20:09'),
	(37, 20, 1, '2026-02-19 18:20:09'),
	(38, 20, 18, '2026-02-19 18:20:09'),
	(39, 21, 2, '2026-02-19 18:20:09'),
	(40, 21, 9, '2026-02-19 18:20:09'),
	(41, 22, 2, '2026-02-19 18:20:09'),
	(42, 22, 11, '2026-02-19 18:20:09'),
	(43, 23, 1, '2026-02-19 18:20:09'),
	(44, 23, 12, '2026-02-19 18:20:09'),
	(45, 24, 3, '2026-02-19 18:20:09'),
	(46, 24, 17, '2026-02-19 18:20:09'),
	(47, 25, 1, '2026-02-19 18:20:09'),
	(48, 25, 20, '2026-02-19 18:20:09'),
	(49, 26, 4, '2026-02-19 18:20:09'),
	(50, 26, 23, '2026-02-19 18:20:09'),
	(51, 27, 4, '2026-02-19 18:20:09'),
	(52, 27, 5, '2026-02-19 18:20:09'),
	(53, 27, 22, '2026-02-19 18:20:09'),
	(54, 28, 1, '2026-02-19 18:20:09'),
	(55, 28, 12, '2026-02-19 18:20:09'),
	(56, 28, 19, '2026-02-19 18:20:09');

-- Dumping structure for table deal_machan.merchants
CREATE TABLE IF NOT EXISTS `merchants` (
  `id` int(10) unsigned NOT NULL AUTO_INCREMENT,
  `user_id` int(10) unsigned NOT NULL,
  `business_name` varchar(255) NOT NULL,
  `business_logo` varchar(255) DEFAULT NULL,
  `registration_number` varchar(100) DEFAULT NULL,
  `gst_number` varchar(50) DEFAULT NULL,
  `is_premium` tinyint(1) NOT NULL DEFAULT 0,
  `label_id` int(10) unsigned DEFAULT NULL,
  `subscription_status` enum('active','expired','trial') NOT NULL DEFAULT 'trial',
  `subscription_expiry` date DEFAULT NULL,
  `profile_status` enum('pending','approved','rejected') NOT NULL DEFAULT 'pending',
  `priority_weight` int(11) NOT NULL DEFAULT 0 COMMENT 'For listing order',
  `created_at` timestamp NOT NULL DEFAULT current_timestamp(),
  `updated_at` timestamp NULL DEFAULT NULL ON UPDATE current_timestamp(),
  PRIMARY KEY (`id`),
  UNIQUE KEY `uk_user_id` (`user_id`),
  KEY `idx_is_premium` (`is_premium`),
  KEY `idx_label_id` (`label_id`),
  KEY `idx_subscription_status` (`subscription_status`),
  KEY `idx_profile_status` (`profile_status`),
  KEY `idx_priority_weight` (`priority_weight`),
  CONSTRAINT `fk_merchants_label` FOREIGN KEY (`label_id`) REFERENCES `labels` (`id`) ON DELETE SET NULL,
  CONSTRAINT `fk_merchants_user` FOREIGN KEY (`user_id`) REFERENCES `users` (`id`) ON DELETE CASCADE
) ENGINE=InnoDB AUTO_INCREMENT=29 DEFAULT CHARSET=utf8mb4 COLLATE=utf8mb4_unicode_ci;

-- Dumping data for table deal_machan.merchants: ~28 rows (approximately)
INSERT INTO `merchants` (`id`, `user_id`, `business_name`, `business_logo`, `registration_number`, `gst_number`, `is_premium`, `label_id`, `subscription_status`, `subscription_expiry`, `profile_status`, `priority_weight`, `created_at`, `updated_at`) VALUES
	(1, 3, 'Test Restaurant', NULL, NULL, NULL, 0, NULL, 'trial', NULL, 'approved', 0, '2025-10-22 10:06:11', NULL),
	(2, 31, 'Spice Garden Restaurant', NULL, 'REG-KL-2023-001', '32AADCB1234F1ZX', 1, NULL, 'active', '2026-08-01', 'approved', 100, '2025-08-01 03:30:00', NULL),
	(3, 32, 'Royal Textiles & Sarees', NULL, 'REG-KL-2023-002', '32AADCB1235F1ZX', 1, NULL, 'active', '2026-06-30', 'approved', 90, '2025-08-05 05:00:00', NULL),
	(4, 33, 'Kerala Sweets Palace', NULL, 'REG-KL-2023-003', NULL, 0, NULL, 'active', '2026-05-31', 'approved', 70, '2025-08-10 05:30:00', NULL),
	(5, 34, 'FitZone Gym & Spa', NULL, 'REG-KL-2023-004', '32AADCB1237F1ZX', 1, NULL, 'active', '2026-07-15', 'approved', 85, '2025-08-15 04:15:00', NULL),
	(6, 35, 'MedPlus Pharmacy', NULL, 'REG-KL-2023-005', '32AADCB1238F1ZX', 0, NULL, 'active', '2026-04-30', 'approved', 60, '2025-08-20 08:30:00', NULL),
	(7, 36, 'Cafe Mocha', NULL, NULL, NULL, 0, NULL, 'trial', NULL, 'approved', 40, '2025-09-01 03:00:00', '2026-02-20 03:53:37'),
	(8, 37, 'Star Electronics Hub', NULL, 'REG-KL-2023-007', '32AADCB1240F1ZX', 0, NULL, 'expired', '2025-10-31', 'approved', 30, '2025-09-05 04:30:00', NULL),
	(9, 38, 'Malabar Biriyani House', NULL, 'REG-KL-2023-008', NULL, 1, NULL, 'active', '2026-09-10', 'approved', 95, '2025-09-10 06:30:00', NULL),
	(10, 39, 'Golden Jewels Kochi', NULL, 'REG-KL-2023-009', '32AADCB1242F1ZX', 1, NULL, 'active', '2026-09-15', 'approved', 80, '2025-09-15 03:45:00', NULL),
	(11, 40, 'Ayur Wellness Centre', NULL, 'REG-KL-2023-010', NULL, 0, NULL, 'trial', NULL, 'pending', 0, '2025-09-20 06:00:00', NULL),
	(12, 41, 'Surf Salon & Beauty', NULL, NULL, NULL, 0, NULL, 'trial', NULL, 'pending', 0, '2025-10-01 04:30:00', NULL),
	(13, 42, 'Paradise Backwater Resort', NULL, 'REG-KL-2023-012', '32AADCB1245F1ZX', 1, NULL, 'active', '2026-10-05', 'approved', 75, '2025-10-05 03:30:00', NULL),
	(14, 43, 'Sunrise Bakers', NULL, 'REG-KL-2023-013', NULL, 0, NULL, 'active', '2026-03-31', 'approved', 50, '2025-10-10 02:30:00', NULL),
	(15, 44, 'TechMart Mobiles & Gadgets', NULL, 'REG-KL-2023-014', '32AADCB1247F1ZX', 0, NULL, 'trial', NULL, 'pending', 0, '2025-10-15 04:00:00', NULL),
	(16, 45, 'Kerala Books & Stationery', NULL, 'REG-KL-2023-015', NULL, 0, NULL, 'trial', NULL, 'rejected', 0, '2025-10-18 05:30:00', NULL),
	(17, 76, 'Kottayam Rubber Traders', NULL, 'KL123456', '29AABCT1234A1Z1', 0, 3, 'active', NULL, 'approved', 5, '2026-01-19 23:29:03', '2026-01-19 23:29:03'),
	(18, 77, 'Thrissur Gold Palace', NULL, 'KL123457', '29AABCT1234A1Z2', 1, 2, 'active', NULL, 'approved', 8, '2026-02-04 23:29:03', '2026-02-04 23:29:03'),
	(19, 78, 'Calicut Heritage Cafe', NULL, 'KL123458', '29AABCT1234A1Z3', 0, 5, 'trial', NULL, 'approved', 4, '2025-11-24 23:29:03', '2025-11-24 23:29:03'),
	(20, 79, 'Kollam Sea Foods', NULL, 'KL123459', '29AABCT1234A1Z4', 0, 1, 'trial', NULL, 'approved', 3, '2026-01-08 23:29:03', '2026-01-08 23:29:03'),
	(21, 80, 'Kochi Auto Parts World', NULL, 'KL123460', '29AABCT1234A1Z5', 0, 4, 'active', NULL, 'approved', 5, '2025-12-19 23:29:03', '2025-12-19 23:29:03'),
	(22, 81, 'Palace Furniture Kochi', NULL, 'KL123461', '29AABCT1234A1Z6', 1, 2, 'active', NULL, 'approved', 7, '2026-02-08 23:29:03', '2026-02-08 23:29:03'),
	(23, 82, 'Green Valley Organics', NULL, 'KL123462', '29AABCT1234A1Z7', 0, 5, 'trial', NULL, 'pending', 3, '2026-01-07 23:29:03', '2026-01-07 23:29:03'),
	(24, 83, 'Trivandrum Opticals', NULL, 'KL123463', '29AABCT1234A1Z8', 0, 1, 'active', NULL, 'approved', 4, '2026-01-09 23:29:03', '2026-01-09 23:29:03'),
	(25, 84, 'Munnar Tea House', NULL, 'KL123464', '29AABCT1234A1Z9', 0, 3, 'trial', NULL, 'approved', 4, '2026-02-08 23:29:03', '2026-02-08 23:29:03'),
	(26, 85, 'Tattoo Art Studio Kochi', NULL, 'KL123465', '29AABCT1234B0Z0', 0, 4, '', NULL, 'pending', 2, '2026-01-21 23:29:03', '2026-01-21 23:29:03'),
	(27, 86, 'Alappuzha Houseboat Tours', NULL, 'KL123466', '29AABCT1234B0Z1', 1, 2, 'active', NULL, 'approved', 9, '2026-01-25 23:29:03', '2026-01-25 23:29:03'),
	(28, 87, 'Kerala Heritage Spices', NULL, 'KL123467', '29AABCT1234B0Z2', 0, 3, 'active', NULL, 'approved', 5, '2025-11-23 23:29:03', '2025-11-23 23:29:03');

-- Dumping structure for table deal_machan.messages
CREATE TABLE IF NOT EXISTS `messages` (
  `id` int(10) unsigned NOT NULL AUTO_INCREMENT,
  `sender_id` int(10) unsigned NOT NULL,
  `sender_type` enum('admin','merchant','customer') NOT NULL,
  `receiver_id` int(10) unsigned NOT NULL,
  `receiver_type` enum('admin','merchant','customer') NOT NULL,
  `subject` varchar(255) DEFAULT NULL,
  `message_text` text NOT NULL,
  `parent_message_id` int(10) unsigned DEFAULT NULL COMMENT 'For threading',
  `read_status` tinyint(1) NOT NULL DEFAULT 0,
  `read_at` timestamp NULL DEFAULT NULL,
  `sent_at` timestamp NOT NULL DEFAULT current_timestamp(),
  PRIMARY KEY (`id`),
  KEY `idx_sender` (`sender_id`,`sender_type`),
  KEY `idx_receiver` (`receiver_id`,`receiver_type`),
  KEY `idx_parent_message` (`parent_message_id`),
  KEY `idx_read_status` (`read_status`),
  CONSTRAINT `fk_messages_parent` FOREIGN KEY (`parent_message_id`) REFERENCES `messages` (`id`) ON DELETE SET NULL
) ENGINE=InnoDB AUTO_INCREMENT=9 DEFAULT CHARSET=utf8mb4 COLLATE=utf8mb4_unicode_ci;

-- Dumping data for table deal_machan.messages: ~8 rows (approximately)
INSERT INTO `messages` (`id`, `sender_id`, `sender_type`, `receiver_id`, `receiver_type`, `subject`, `message_text`, `parent_message_id`, `read_status`, `read_at`, `sent_at`) VALUES
	(1, 2, 'admin', 1, 'admin', 'Monthly Report Ready', 'Hi,\n\nThe monthly performance report for October is now ready. Please review the attached summary and let me know if any changes are needed before it goes to management.\n\nRegards,\nArjun Nair', NULL, 0, NULL, '2026-02-19 11:08:06'),
	(2, 2, 'admin', 1, 'admin', 'New Merchant Approval Request', 'Two new merchants submitted their profiles today. They are awaiting approval.\n\n1. Spice Garden Restaurant – Koramangala\n2. TechZone Mobile Store – Indiranagar\n\nPlease review and approve at your earliest convenience.', NULL, 0, NULL, '2026-02-19 08:08:06'),
	(3, 2, 'admin', 1, 'admin', 'System Maintenance Schedule', 'Planned maintenance window: Sunday 2:00 AM – 4:00 AM IST.\nAll services will be temporarily unavailable. Users have been notified.', NULL, 1, '2026-02-18 13:08:06', '2026-02-18 12:08:06'),
	(4, 3, 'admin', 1, 'admin', 'Contest Winner Verification', 'The winners for \'Weekend Deal Hunt\' contest have been verified. All 3 winners have valid entries. Ready to distribute rewards.', NULL, 0, NULL, '2026-02-19 10:08:06'),
	(5, 1, 'merchant', 1, 'admin', 'Coupon Campaign Query', 'Hello,\n\nI would like to create a special coupon campaign for the upcoming festival season. Could you please guide me on the maximum discount allowed and how to set up the campaign?\n\nThank you,\nTest Restaurant', NULL, 1, '2026-02-19 17:38:21', '2026-02-19 12:38:06'),
	(6, 1, 'customer', 1, 'admin', 'Unable to redeem coupon', 'Hi Support,\n\nI am trying to redeem a coupon at Spice Garden but the app keeps showing \'already used\'. I have not used this coupon before. Coupon code: SG-FEST-2024. Please help.', NULL, 1, '2026-02-17 13:38:06', '2026-02-17 13:08:06'),
	(7, 1, 'admin', 2, 'admin', 'Q4 Target Review', 'Hi,\n\nPlease prepare a summary of Q4 targets vs actuals for the upcoming board meeting. Focus on merchant acquisition, coupon redemptions, and customer growth.\n\nThanks', NULL, 1, '2026-02-19 09:08:06', '2026-02-19 07:08:06'),
	(8, 1, 'admin', 2, 'admin', NULL, 'Thanks for sending over the report. I\'ll review it today and get back to you with feedback.', 1, 1, '2026-02-19 12:08:06', '2026-02-19 12:08:06');

-- Dumping structure for table deal_machan.mystery_shopping_tasks
CREATE TABLE IF NOT EXISTS `mystery_shopping_tasks` (
  `id` int(10) unsigned NOT NULL AUTO_INCREMENT,
  `customer_id` int(10) unsigned NOT NULL,
  `merchant_id` int(10) unsigned NOT NULL,
  `store_id` int(10) unsigned DEFAULT NULL,
  `task_description` text NOT NULL,
  `checklist_json` longtext CHARACTER SET utf8mb4 COLLATE utf8mb4_bin DEFAULT NULL CHECK (json_valid(`checklist_json`)),
  `status` enum('assigned','in_progress','completed','verified','rejected') NOT NULL DEFAULT 'assigned',
  `assigned_by_admin_id` int(10) unsigned NOT NULL,
  `assigned_at` timestamp NOT NULL DEFAULT current_timestamp(),
  `completed_at` timestamp NULL DEFAULT NULL,
  `verified_at` timestamp NULL DEFAULT NULL,
  `report_json` longtext CHARACTER SET utf8mb4 COLLATE utf8mb4_bin DEFAULT NULL CHECK (json_valid(`report_json`)),
  `payment_amount` decimal(10,2) DEFAULT NULL,
  `payment_status` enum('pending','paid') NOT NULL DEFAULT 'pending',
  PRIMARY KEY (`id`),
  KEY `idx_customer_id` (`customer_id`),
  KEY `idx_merchant_id` (`merchant_id`),
  KEY `idx_store_id` (`store_id`),
  KEY `idx_status` (`status`),
  KEY `idx_assigned_by` (`assigned_by_admin_id`),
  CONSTRAINT `fk_mystery_shopping_admin` FOREIGN KEY (`assigned_by_admin_id`) REFERENCES `admins` (`id`) ON DELETE CASCADE,
  CONSTRAINT `fk_mystery_shopping_customer` FOREIGN KEY (`customer_id`) REFERENCES `customers` (`id`) ON DELETE CASCADE,
  CONSTRAINT `fk_mystery_shopping_merchant` FOREIGN KEY (`merchant_id`) REFERENCES `merchants` (`id`) ON DELETE CASCADE,
  CONSTRAINT `fk_mystery_shopping_store` FOREIGN KEY (`store_id`) REFERENCES `stores` (`id`) ON DELETE SET NULL
) ENGINE=InnoDB AUTO_INCREMENT=7 DEFAULT CHARSET=utf8mb4 COLLATE=utf8mb4_unicode_ci;

-- Dumping data for table deal_machan.mystery_shopping_tasks: ~6 rows (approximately)
INSERT INTO `mystery_shopping_tasks` (`id`, `customer_id`, `merchant_id`, `store_id`, `task_description`, `checklist_json`, `status`, `assigned_by_admin_id`, `assigned_at`, `completed_at`, `verified_at`, `report_json`, `payment_amount`, `payment_status`) VALUES
	(1, 1, 1, 1, 'Evaluate the customer service quality, cleanliness, and menu presentation at the restaurant. Note wait times and staff attitude.', '[{"item":"Staff greeted within 30 seconds","checked":true},{"item":"Menu presented promptly","checked":true},{"item":"Tables were clean","checked":true},{"item":"Food quality meets standards","checked":true},{"item":"Bill presented accurately","checked":false}]', 'verified', 1, '2026-01-30 11:17:25', '2026-02-07 11:17:25', '2026-02-11 11:17:25', '{"overall_rating":"4\\/5","admin_notes":"Excellent report, all tasks completed professionally","service_notes":"Staff was courteous, minor delay in billing"}', 500.00, 'paid'),
	(2, 12, 4, NULL, 'Visit the textile store as a regular customer. Assess product display, pricing transparency, and staff helpfulness.', '[{"item":"Product range clearly displayed","checked":true},{"item":"Prices marked on items","checked":false},{"item":"Staff offered assistance","checked":true},{"item":"Trial room available and clean","checked":true}]', 'completed', 1, '2026-02-04 11:17:25', '2026-02-16 11:17:25', NULL, '{"overall_rating":"3\\/5","observations":"Prices not clearly marked on several premium items"}', 400.00, 'pending'),
	(3, 13, 6, NULL, 'Test the gym facilities as a first-time visitor. Evaluate equipment condition, cleanliness, and staff interaction.', '[{"item":"Reception staff welcoming","checked":false},{"item":"Equipment in good condition","checked":false},{"item":"Locker room clean","checked":false},{"item":"Demo session offered","checked":false}]', 'in_progress', 2, '2026-02-14 11:17:25', NULL, NULL, NULL, 600.00, 'pending'),
	(4, 14, 7, NULL, 'Evaluate sweets and bakery quality, packaging, hygiene, and coupon/deal redemption experience.', NULL, 'assigned', 1, '2026-02-17 11:17:25', NULL, NULL, NULL, 350.00, 'pending'),
	(5, 15, 1, NULL, 'Second visit evaluation: check if hygiene issues from previous report were corrected.', '[{"item":"Kitchen hygiene improved","checked":true},{"item":"Staff uniform clean","checked":true},{"item":"Hand sanitiser available","checked":true}]', 'verified', 2, '2026-01-20 11:17:25', '2026-01-25 11:17:25', '2026-01-28 11:17:25', '{"admin_notes":"Improvements noted, merchant addressed all previous issues"}', 300.00, 'paid'),
	(6, 16, 4, NULL, 'Monitor deal redemption process — use a Deal Machan coupon and document the experience.', '[{"item":"Staff aware of Deal Machan coupons","checked":false},{"item":"Discount applied correctly","checked":false},{"item":"No resistance or inconvenience","checked":false}]', 'rejected', 1, '2026-02-01 11:17:25', '2026-02-12 11:17:25', NULL, '{"admin_notes":"Report was incomplete, shopper did not complete all checklist items"}', 250.00, 'pending');

-- Dumping structure for table deal_machan.notifications
CREATE TABLE IF NOT EXISTS `notifications` (
  `id` int(10) unsigned NOT NULL AUTO_INCREMENT,
  `user_id` int(10) unsigned NOT NULL,
  `user_type` enum('admin','merchant','customer') NOT NULL,
  `notification_type` enum('info','success','warning','error') NOT NULL DEFAULT 'info',
  `title` varchar(255) NOT NULL,
  `message` text NOT NULL,
  `action_url` varchar(255) DEFAULT NULL,
  `read_status` tinyint(1) NOT NULL DEFAULT 0,
  `read_at` timestamp NULL DEFAULT NULL,
  `created_at` timestamp NOT NULL DEFAULT current_timestamp(),
  PRIMARY KEY (`id`),
  KEY `idx_user` (`user_id`,`user_type`),
  KEY `idx_read_status` (`read_status`),
  KEY `idx_notification_type` (`notification_type`),
  KEY `idx_created_at` (`created_at`)
) ENGINE=InnoDB AUTO_INCREMENT=26 DEFAULT CHARSET=utf8mb4 COLLATE=utf8mb4_unicode_ci;

-- Dumping data for table deal_machan.notifications: ~25 rows (approximately)
INSERT INTO `notifications` (`id`, `user_id`, `user_type`, `notification_type`, `title`, `message`, `action_url`, `read_status`, `read_at`, `created_at`) VALUES
	(1, 1, 'admin', 'success', 'Contest Created Successfully', 'The contest "Weekend Deal Hunt" has been created and is now active.', 'http://dealmachan-admin.local/contests', 1, '2026-02-16 14:08:06', '2026-02-16 13:08:06'),
	(2, 1, 'admin', 'info', 'New Merchant Registration', '3 new merchants have registered and are awaiting profile approval.', 'http://dealmachan-admin.local/merchants', 0, NULL, '2026-02-19 12:08:06'),
	(3, 1, 'admin', 'warning', 'Coupon Expiry Alert', '12 coupons are expiring in the next 48 hours. Review and extend if needed.', 'http://dealmachan-admin.local/coupons', 0, NULL, '2026-02-19 11:08:06'),
	(4, 1, 'admin', 'error', 'Payment Gateway Issue', 'Payment gateway returned error for 2 transactions. Manual review required.', NULL, 0, NULL, '2026-02-19 12:23:06'),
	(5, 1, 'admin', 'success', 'Mystery Shopping Task Completed', 'Task #3 "Evaluate Loyalty Program" has been completed and report submitted.', 'http://dealmachan-admin.local/mystery-shopping', 1, '2026-02-17 15:08:06', '2026-02-17 13:08:06'),
	(6, 1, 'admin', 'info', 'Survey Response Milestone', 'Survey "Customer Satisfaction Q4" has received 100+ responses.', 'http://dealmachan-admin.local/surveys', 1, '2026-02-15 16:08:06', '2026-02-15 13:08:06'),
	(7, 1, 'admin', 'warning', 'Admin Session Expired', 'A city admin session was force-expired due to inactivity. Check audit log.', NULL, 1, '2026-02-14 14:08:06', '2026-02-14 13:08:06'),
	(8, 1, 'admin', 'info', 'Loyalty Card Batch Issued', '500 new loyalty cards have been issued to customers in Bangalore South.', 'http://dealmachan-admin.local/cards', 0, NULL, '2026-02-19 12:38:06'),
	(9, 1, 'admin', 'success', 'Contest Winners Announced', 'Winners for "Best Dressed Festive Season" contest have been marked. Prizes pending distribution.', 'http://dealmachan-admin.local/contests', 1, '2026-02-18 13:38:06', '2026-02-18 13:08:06'),
	(10, 1, 'admin', 'info', 'System Health Check', 'Automated system health check completed. All services running normally.', NULL, 0, NULL, '2026-02-19 12:58:06'),
	(11, 2, 'admin', 'info', 'New Merchant Registration', '3 new merchants have registered and are awaiting profile approval.', 'http://dealmachan-admin.local/merchants', 0, NULL, '2026-02-19 12:08:06'),
	(12, 2, 'admin', 'warning', 'Coupon Expiry Alert', '12 coupons are expiring in the next 48 hours. Review and extend if needed.', 'http://dealmachan-admin.local/coupons', 0, NULL, '2026-02-19 11:08:06'),
	(13, 2, 'admin', 'error', 'Payment Gateway Issue', 'Payment gateway returned error for 2 transactions. Manual review required.', NULL, 0, NULL, '2026-02-19 12:23:06'),
	(14, 3, 'admin', 'info', 'New Merchant Registration', '3 new merchants have registered and are awaiting profile approval.', 'http://dealmachan-admin.local/merchants', 0, NULL, '2026-02-19 12:08:06'),
	(15, 3, 'admin', 'warning', 'Coupon Expiry Alert', '12 coupons are expiring in the next 48 hours. Review and extend if needed.', 'http://dealmachan-admin.local/coupons', 0, NULL, '2026-02-19 11:08:06'),
	(16, 3, 'admin', 'error', 'Payment Gateway Issue', 'Payment gateway returned error for 2 transactions. Manual review required.', NULL, 0, NULL, '2026-02-19 12:23:06'),
	(17, 4, 'admin', 'info', 'New Merchant Registration', '3 new merchants have registered and are awaiting profile approval.', 'http://dealmachan-admin.local/merchants', 0, NULL, '2026-02-19 12:08:06'),
	(18, 4, 'admin', 'warning', 'Coupon Expiry Alert', '12 coupons are expiring in the next 48 hours. Review and extend if needed.', 'http://dealmachan-admin.local/coupons', 0, NULL, '2026-02-19 11:08:06'),
	(19, 4, 'admin', 'error', 'Payment Gateway Issue', 'Payment gateway returned error for 2 transactions. Manual review required.', NULL, 0, NULL, '2026-02-19 12:23:06'),
	(20, 5, 'admin', 'info', 'New Merchant Registration', '3 new merchants have registered and are awaiting profile approval.', 'http://dealmachan-admin.local/merchants', 0, NULL, '2026-02-19 12:08:06'),
	(21, 5, 'admin', 'warning', 'Coupon Expiry Alert', '12 coupons are expiring in the next 48 hours. Review and extend if needed.', 'http://dealmachan-admin.local/coupons', 0, NULL, '2026-02-19 11:08:06'),
	(22, 5, 'admin', 'error', 'Payment Gateway Issue', 'Payment gateway returned error for 2 transactions. Manual review required.', NULL, 0, NULL, '2026-02-19 12:23:06'),
	(23, 6, 'admin', 'info', 'New Merchant Registration', '3 new merchants have registered and are awaiting profile approval.', 'http://dealmachan-admin.local/merchants', 0, NULL, '2026-02-19 12:08:06'),
	(24, 6, 'admin', 'warning', 'Coupon Expiry Alert', '12 coupons are expiring in the next 48 hours. Review and extend if needed.', 'http://dealmachan-admin.local/coupons', 0, NULL, '2026-02-19 11:08:06'),
	(25, 6, 'admin', 'error', 'Payment Gateway Issue', 'Payment gateway returned error for 2 transactions. Manual review required.', NULL, 0, NULL, '2026-02-19 12:23:06');

-- Dumping structure for table deal_machan.password_resets
CREATE TABLE IF NOT EXISTS `password_resets` (
  `id` int(10) unsigned NOT NULL AUTO_INCREMENT,
  `user_id` int(10) unsigned NOT NULL,
  `token` varchar(255) NOT NULL,
  `expires_at` timestamp NOT NULL DEFAULT current_timestamp() ON UPDATE current_timestamp(),
  `used` tinyint(1) NOT NULL DEFAULT 0,
  `created_at` timestamp NOT NULL DEFAULT current_timestamp(),
  PRIMARY KEY (`id`),
  KEY `idx_user_id` (`user_id`),
  KEY `idx_token` (`token`),
  KEY `idx_expires_at` (`expires_at`),
  CONSTRAINT `fk_password_resets_user` FOREIGN KEY (`user_id`) REFERENCES `users` (`id`) ON DELETE CASCADE
) ENGINE=InnoDB DEFAULT CHARSET=utf8mb4 COLLATE=utf8mb4_unicode_ci;

-- Dumping data for table deal_machan.password_resets: ~0 rows (approximately)

-- Dumping structure for table deal_machan.professions
CREATE TABLE IF NOT EXISTS `professions` (
  `id` int(10) unsigned NOT NULL AUTO_INCREMENT,
  `profession_name` varchar(100) NOT NULL,
  `status` enum('active','inactive') NOT NULL DEFAULT 'active',
  `created_at` timestamp NOT NULL DEFAULT current_timestamp(),
  `updated_at` timestamp NULL DEFAULT NULL ON UPDATE current_timestamp(),
  PRIMARY KEY (`id`),
  UNIQUE KEY `uk_profession_name` (`profession_name`),
  KEY `idx_profession_status` (`status`)
) ENGINE=InnoDB AUTO_INCREMENT=16 DEFAULT CHARSET=utf8mb4 COLLATE=utf8mb4_unicode_ci;

-- Dumping data for table deal_machan.professions: ~15 rows (approximately)
INSERT INTO `professions` (`id`, `profession_name`, `status`, `created_at`, `updated_at`) VALUES
	(1, 'Information Technology', 'active', '2025-10-22 10:06:11', NULL),
	(2, 'Healthcare', 'active', '2025-10-22 10:06:11', NULL),
	(3, 'Education', 'active', '2025-10-22 10:06:11', NULL),
	(4, 'Finance & Banking', 'active', '2025-10-22 10:06:11', NULL),
	(5, 'Engineering', 'active', '2025-10-22 10:06:11', NULL),
	(6, 'Sales & Marketing', 'active', '2025-10-22 10:06:11', NULL),
	(7, 'Business & Management', 'active', '2025-10-22 10:06:11', NULL),
	(8, 'Legal', 'active', '2025-10-22 10:06:11', NULL),
	(9, 'Media & Entertainment', 'active', '2025-10-22 10:06:11', NULL),
	(10, 'Hospitality & Tourism', 'active', '2025-10-22 10:06:11', NULL),
	(11, 'Government Services', 'active', '2025-10-22 10:06:11', NULL),
	(12, 'Self Employed', 'active', '2025-10-22 10:06:11', NULL),
	(13, 'Student', 'active', '2025-10-22 10:06:11', NULL),
	(14, 'Retired', 'active', '2025-10-22 10:06:11', NULL),
	(15, 'Other', 'active', '2025-10-22 10:06:11', NULL);

-- Dumping structure for table deal_machan.referrals
CREATE TABLE IF NOT EXISTS `referrals` (
  `id` int(10) unsigned NOT NULL AUTO_INCREMENT,
  `referrer_customer_id` int(10) unsigned NOT NULL,
  `referee_customer_id` int(10) unsigned NOT NULL,
  `referral_code` varchar(20) NOT NULL,
  `status` enum('pending','completed','rewarded') NOT NULL DEFAULT 'pending',
  `reward_given` tinyint(1) NOT NULL DEFAULT 0,
  `reward_amount` decimal(10,2) DEFAULT NULL,
  `created_at` timestamp NOT NULL DEFAULT current_timestamp(),
  `completed_at` timestamp NULL DEFAULT NULL,
  PRIMARY KEY (`id`),
  KEY `idx_referrer` (`referrer_customer_id`),
  KEY `idx_referee` (`referee_customer_id`),
  KEY `idx_status` (`status`),
  CONSTRAINT `fk_referrals_referee` FOREIGN KEY (`referee_customer_id`) REFERENCES `customers` (`id`) ON DELETE CASCADE,
  CONSTRAINT `fk_referrals_referrer` FOREIGN KEY (`referrer_customer_id`) REFERENCES `customers` (`id`) ON DELETE CASCADE
) ENGINE=InnoDB AUTO_INCREMENT=31 DEFAULT CHARSET=utf8mb4 COLLATE=utf8mb4_unicode_ci;

-- Dumping data for table deal_machan.referrals: ~26 rows (approximately)
INSERT INTO `referrals` (`id`, `referrer_customer_id`, `referee_customer_id`, `referral_code`, `status`, `reward_given`, `reward_amount`, `created_at`, `completed_at`) VALUES
	(1, 11, 31, 'REF-ARJ-001', 'rewarded', 1, 50.00, '2025-11-21 13:52:23', '2025-11-26 13:52:23'),
	(2, 11, 32, 'REF-ARJ-002', 'rewarded', 1, 50.00, '2025-12-01 13:52:23', '2025-12-06 13:52:23'),
	(3, 11, 33, 'REF-ARJ-003', 'completed', 0, 0.00, '2025-12-11 13:52:23', '2025-12-16 13:52:23'),
	(4, 11, 34, 'REF-ARJ-004', 'rewarded', 1, 50.00, '2025-12-21 13:52:23', '2025-12-26 13:52:23'),
	(5, 11, 35, 'REF-ARJ-005', 'rewarded', 1, 50.00, '2025-12-31 13:52:23', '2026-01-05 13:52:23'),
	(6, 17, 36, 'REF-VIS-001', 'rewarded', 1, 50.00, '2025-12-06 13:52:23', '2025-12-11 13:52:23'),
	(7, 17, 37, 'REF-VIS-002', 'rewarded', 1, 50.00, '2025-12-16 13:52:23', '2025-12-21 13:52:23'),
	(8, 17, 38, 'REF-VIS-003', 'completed', 0, 0.00, '2025-12-26 13:52:23', '2025-12-31 13:52:23'),
	(9, 17, 39, 'REF-VIS-004', 'rewarded', 1, 50.00, '2026-01-05 13:52:23', '2026-01-10 13:52:23'),
	(10, 25, 40, 'REF-NIK-001', 'rewarded', 1, 50.00, '2025-12-01 13:52:23', '2025-12-06 13:52:23'),
	(11, 25, 41, 'REF-NIK-002', 'completed', 0, 0.00, '2025-12-11 13:52:23', '2025-12-16 13:52:23'),
	(12, 25, 42, 'REF-NIK-003', 'rewarded', 1, 50.00, '2025-12-21 13:52:23', '2025-12-26 13:52:23'),
	(13, 35, 43, 'REF-RAH-001', 'rewarded', 1, 50.00, '2026-01-10 13:52:23', '2026-01-15 13:52:23'),
	(14, 35, 44, 'REF-RAH-002', 'completed', 0, 0.00, '2026-01-20 13:52:23', '2026-01-25 13:52:23'),
	(15, 35, 45, 'REF-RAH-003', 'pending', 0, 0.00, '2026-01-30 13:52:23', NULL),
	(16, 59, 46, 'REF-SAR-001', 'rewarded', 1, 50.00, '2026-01-15 13:52:23', '2026-01-20 13:52:23'),
	(17, 59, 47, 'REF-SAR-002', 'completed', 0, 0.00, '2026-01-25 13:52:23', '2026-01-30 13:52:23'),
	(18, 59, 48, 'REF-SAR-003', 'pending', 0, 0.00, '2026-02-04 13:52:23', NULL),
	(21, 12, 51, 'REF-C12-001', 'completed', 0, 0.00, '2025-11-26 13:52:23', '2025-12-01 13:52:23'),
	(22, 15, 52, 'REF-C15-001', 'rewarded', 1, 50.00, '2025-12-06 13:52:23', '2025-12-11 13:52:23'),
	(23, 20, 53, 'REF-C20-001', 'completed', 0, 0.00, '2025-12-16 13:52:23', '2025-12-21 13:52:23'),
	(24, 22, 54, 'REF-C22-001', 'pending', 0, 0.00, '2026-02-09 13:52:23', NULL),
	(25, 28, 55, 'REF-C28-001', 'rewarded', 1, 50.00, '2025-12-26 13:52:23', '2025-12-31 13:52:23'),
	(28, 14, 58, 'REF-C14-001', 'rewarded', 1, 50.00, '2025-11-16 13:52:23', '2025-11-21 13:52:23'),
	(29, 19, 60, 'REF-C19-001', 'pending', 0, 0.00, '2026-02-14 13:52:23', NULL),
	(30, 30, 58, 'REF-C30-001', 'completed', 0, 0.00, '2026-01-05 13:52:23', '2026-01-10 13:52:23');

-- Dumping structure for table deal_machan.reviews
CREATE TABLE IF NOT EXISTS `reviews` (
  `id` int(10) unsigned NOT NULL AUTO_INCREMENT,
  `customer_id` int(10) unsigned NOT NULL,
  `merchant_id` int(10) unsigned NOT NULL,
  `store_id` int(10) unsigned DEFAULT NULL,
  `rating` tinyint(3) unsigned NOT NULL CHECK (`rating` between 1 and 5),
  `review_text` text DEFAULT NULL,
  `status` enum('pending','approved','rejected') NOT NULL DEFAULT 'pending',
  `created_at` timestamp NOT NULL DEFAULT current_timestamp(),
  `updated_at` timestamp NULL DEFAULT NULL ON UPDATE current_timestamp(),
  PRIMARY KEY (`id`),
  KEY `idx_customer_id` (`customer_id`),
  KEY `idx_merchant_id` (`merchant_id`),
  KEY `idx_store_id` (`store_id`),
  KEY `idx_status` (`status`),
  KEY `idx_rating` (`rating`),
  CONSTRAINT `fk_reviews_customer` FOREIGN KEY (`customer_id`) REFERENCES `customers` (`id`) ON DELETE CASCADE,
  CONSTRAINT `fk_reviews_merchant` FOREIGN KEY (`merchant_id`) REFERENCES `merchants` (`id`) ON DELETE CASCADE,
  CONSTRAINT `fk_reviews_store` FOREIGN KEY (`store_id`) REFERENCES `stores` (`id`) ON DELETE CASCADE
) ENGINE=InnoDB AUTO_INCREMENT=61 DEFAULT CHARSET=utf8mb4 COLLATE=utf8mb4_unicode_ci;

-- Dumping data for table deal_machan.reviews: ~60 rows (approximately)
INSERT INTO `reviews` (`id`, `customer_id`, `merchant_id`, `store_id`, `rating`, `review_text`, `status`, `created_at`, `updated_at`) VALUES
	(1, 42, 2, 3, 2, 'Below expectations.', 'approved', '2025-12-21 13:53:35', '2025-12-21 13:53:35'),
	(2, 23, 23, 28, 2, 'Service was slow.', 'approved', '2026-01-05 13:53:35', '2026-01-05 13:53:35'),
	(3, 36, 5, 6, 2, 'Service was slow.', 'pending', '2025-11-18 13:53:35', '2025-11-18 13:53:35'),
	(4, 46, 20, 23, 5, 'Fantastic place, loved everything.', 'approved', '2025-12-24 13:53:35', '2025-12-24 13:53:35'),
	(5, 31, 26, 33, 2, 'Not worth the price.', 'pending', '2025-11-22 13:53:35', '2025-11-22 13:53:35'),
	(6, 16, 3, 38, 3, 'Decent but expected better.', 'approved', '2025-12-06 13:53:35', '2025-12-06 13:53:35'),
	(7, 24, 5, 41, 5, 'Outstanding quality and service!', 'approved', '2025-11-26 13:53:35', '2025-11-26 13:53:35'),
	(8, 46, 6, 42, 3, 'Decent but expected better.', 'approved', '2025-12-20 13:53:35', '2025-12-20 13:53:35'),
	(9, 36, 4, 5, 1, 'Worst experience ever.', 'approved', '2025-11-29 13:53:35', '2025-11-29 13:53:35'),
	(10, 19, 4, 39, 2, 'Quality could be better.', 'approved', '2025-12-09 13:53:35', '2025-12-09 13:53:35'),
	(11, 12, 20, 22, 4, 'Mostly positive experience.', 'approved', '2025-12-17 13:53:35', '2025-12-17 13:53:35'),
	(12, 24, 18, 18, 5, 'Absolutely amazing, highly recommended.', 'approved', '2025-12-06 13:53:35', '2025-12-06 13:53:35'),
	(13, 38, 4, 39, 2, 'Not worth the price.', 'approved', '2025-11-12 13:53:35', '2025-11-12 13:53:35'),
	(14, 46, 6, 7, 4, 'Very good overall.', 'pending', '2025-11-15 13:53:35', '2025-11-15 13:53:35'),
	(15, 21, 6, 7, 1, 'Worst experience ever.', 'pending', '2026-01-28 13:53:35', '2026-01-28 13:53:35'),
	(16, 43, 26, 33, 3, 'Decent but expected better.', 'pending', '2026-01-12 13:53:35', '2026-01-12 13:53:35'),
	(17, 23, 28, 36, 1, 'Terrible service.', 'approved', '2025-11-17 13:53:35', '2025-11-17 13:53:35'),
	(18, 39, 17, 17, 2, 'Below expectations.', 'approved', '2025-12-29 13:53:35', '2025-12-29 13:53:35'),
	(19, 1, 13, 13, 1, 'Terrible service.', 'pending', '2025-12-16 13:53:35', '2025-12-16 13:53:35'),
	(20, 51, 10, 47, 1, 'Terrible service.', 'approved', '2026-01-07 13:53:35', '2026-01-07 13:53:35'),
	(21, 16, 20, 22, 4, 'Good value for money.', 'approved', '2025-11-18 13:53:35', '2025-11-18 13:53:35'),
	(22, 47, 8, 44, 2, 'Below expectations.', 'approved', '2025-12-17 13:53:35', '2025-12-17 13:53:35'),
	(23, 16, 23, 28, 3, 'It was okay, nothing special.', 'approved', '2025-10-24 13:53:35', '2025-10-24 13:53:35'),
	(24, 14, 17, 16, 4, 'Quite satisfied with the service.', 'approved', '2026-01-27 13:53:35', '2026-01-27 13:53:35'),
	(25, 33, 26, 33, 3, 'Not bad, not great.', 'approved', '2026-01-24 13:53:35', '2026-01-24 13:53:35'),
	(26, 40, 20, 23, 5, 'Fantastic place, loved everything.', 'approved', '2026-02-01 13:53:35', '2026-02-01 13:53:35'),
	(27, 52, 13, 13, 1, 'Terrible service.', 'pending', '2025-12-18 13:53:35', '2025-12-18 13:53:35'),
	(28, 39, 22, 26, 2, 'Not worth the price.', 'approved', '2025-10-24 13:53:35', '2025-10-24 13:53:35'),
	(29, 50, 17, 16, 5, 'Fantastic place, loved everything.', 'pending', '2025-10-22 13:53:35', '2025-10-22 13:53:35'),
	(30, 16, 20, 23, 2, 'Not worth the price.', 'approved', '2026-01-17 13:53:35', '2026-01-17 13:53:35'),
	(31, 32, 3, 4, 3, 'Average experience.', 'pending', '2025-11-12 13:53:35', '2025-11-12 13:53:35'),
	(32, 38, 17, 16, 5, 'Absolutely amazing, highly recommended.', 'approved', '2025-12-25 13:53:35', '2025-12-25 13:53:35'),
	(33, 48, 19, 21, 5, 'Fantastic place, loved everything.', 'approved', '2025-11-23 13:53:35', '2025-11-23 13:53:35'),
	(34, 11, 24, 30, 4, 'Very good overall.', 'pending', '2026-02-15 13:53:35', '2026-02-15 13:53:35'),
	(35, 26, 6, 7, 3, 'It was okay, nothing special.', 'approved', '2025-11-24 13:53:35', '2025-11-24 13:53:35'),
	(36, 23, 10, 12, 2, 'Disappointed overall.', 'approved', '2025-10-29 13:53:35', '2025-10-29 13:53:35'),
	(37, 37, 2, 2, 1, 'Extremely unsatisfied.', 'approved', '2025-10-24 13:53:35', '2025-10-24 13:53:35'),
	(38, 54, 28, 36, 1, 'Very poor experience.', 'pending', '2025-11-16 13:53:35', '2025-11-16 13:53:35'),
	(39, 11, 28, 36, 3, 'Mixed feelings about this place.', 'approved', '2025-12-28 13:53:35', '2025-12-28 13:53:35'),
	(40, 46, 5, 41, 5, 'Absolutely amazing, highly recommended.', 'pending', '2026-01-16 13:53:35', '2026-01-16 13:53:35'),
	(41, 12, 28, 36, 2, 'Not worth the price.', 'approved', '2026-01-23 13:53:35', '2026-01-23 13:53:35'),
	(42, 28, 6, 7, 2, 'Not worth the price.', 'approved', '2026-02-16 13:53:35', '2026-02-16 13:53:35'),
	(43, 12, 21, 24, 4, 'Very good overall.', 'pending', '2026-01-20 13:53:35', '2026-01-20 13:53:35'),
	(44, 37, 27, 34, 3, 'Average experience.', 'approved', '2026-02-13 13:53:35', '2026-02-13 13:53:35'),
	(45, 56, 21, 25, 1, 'Would not recommend.', 'approved', '2025-11-01 13:53:35', '2025-11-01 13:53:35'),
	(46, 37, 24, 29, 3, 'Average experience.', 'approved', '2025-11-13 13:53:35', '2025-11-13 13:53:35'),
	(47, 42, 10, 12, 3, 'Average experience.', 'approved', '2025-11-02 13:53:35', '2025-11-02 13:53:35'),
	(48, 18, 8, 45, 5, 'Outstanding quality and service!', 'pending', '2025-11-25 13:53:35', '2025-11-25 13:53:35'),
	(49, 12, 25, 31, 1, 'Terrible service.', 'approved', '2025-11-04 13:53:35', '2025-11-04 13:53:35'),
	(50, 18, 2, 2, 2, 'Service was slow.', 'approved', '2026-01-20 13:53:35', '2026-01-20 13:53:35'),
	(51, 43, 5, 6, 3, 'Decent but expected better.', 'pending', '2025-12-18 13:53:35', '2025-12-18 13:53:35'),
	(52, 11, 13, 13, 4, 'Quite satisfied with the service.', 'pending', '2025-11-27 13:53:35', '2025-11-27 13:53:35'),
	(53, 20, 5, 41, 2, 'Below expectations.', 'approved', '2025-11-02 13:53:35', '2025-11-02 13:53:35'),
	(54, 30, 18, 18, 1, 'Worst experience ever.', 'pending', '2025-12-10 13:53:35', '2025-12-10 13:53:35'),
	(55, 48, 20, 23, 1, 'Extremely unsatisfied.', 'approved', '2026-01-21 13:53:35', '2026-01-21 13:53:35'),
	(56, 45, 7, 8, 2, 'Quality could be better.', 'approved', '2025-12-22 13:53:35', '2025-12-22 13:53:35'),
	(57, 17, 10, 47, 4, 'Good value for money.', 'approved', '2025-11-29 13:53:35', '2025-11-29 13:53:35'),
	(58, 17, 2, 3, 4, 'Quite satisfied with the service.', 'pending', '2026-01-30 13:53:35', '2026-01-30 13:53:35'),
	(59, 23, 19, 20, 2, 'Service was slow.', 'approved', '2026-01-30 13:53:35', '2026-01-30 13:53:35'),
	(60, 24, 1, 1, 1, 'Extremely unsatisfied.', 'approved', '2025-12-04 13:53:35', '2025-12-04 13:53:35');

-- Dumping structure for table deal_machan.sales_registry
CREATE TABLE IF NOT EXISTS `sales_registry` (
  `id` int(10) unsigned NOT NULL AUTO_INCREMENT,
  `merchant_id` int(10) unsigned NOT NULL,
  `store_id` int(10) unsigned NOT NULL,
  `customer_id` int(10) unsigned DEFAULT NULL,
  `transaction_amount` decimal(10,2) NOT NULL,
  `transaction_date` timestamp NOT NULL DEFAULT current_timestamp(),
  `payment_method` enum('cash','card','upi','wallet','other') DEFAULT NULL,
  `coupon_used` int(10) unsigned DEFAULT NULL,
  `discount_amount` decimal(10,2) DEFAULT 0.00,
  PRIMARY KEY (`id`),
  KEY `idx_merchant_id` (`merchant_id`),
  KEY `idx_store_id` (`store_id`),
  KEY `idx_customer_id` (`customer_id`),
  KEY `idx_transaction_date` (`transaction_date`),
  CONSTRAINT `fk_sales_customer` FOREIGN KEY (`customer_id`) REFERENCES `customers` (`id`) ON DELETE SET NULL,
  CONSTRAINT `fk_sales_merchant` FOREIGN KEY (`merchant_id`) REFERENCES `merchants` (`id`) ON DELETE CASCADE,
  CONSTRAINT `fk_sales_store` FOREIGN KEY (`store_id`) REFERENCES `stores` (`id`) ON DELETE CASCADE
) ENGINE=InnoDB AUTO_INCREMENT=66 DEFAULT CHARSET=utf8mb4 COLLATE=utf8mb4_unicode_ci;

-- Dumping data for table deal_machan.sales_registry: ~65 rows (approximately)
INSERT INTO `sales_registry` (`id`, `merchant_id`, `store_id`, `customer_id`, `transaction_amount`, `transaction_date`, `payment_method`, `coupon_used`, `discount_amount`) VALUES
	(1, 19, 21, 20, 6882.22, '2025-12-31 13:54:31', 'other', 48, 1307.62),
	(2, 19, 20, 54, 7811.02, '2025-09-03 13:54:31', 'upi', NULL, 0.00),
	(3, 6, 42, 33, 5466.46, '2025-12-19 13:54:31', 'other', NULL, 0.00),
	(4, 24, 29, 36, 3366.54, '2025-09-28 13:54:31', 'card', NULL, 0.00),
	(5, 25, 32, 11, 3384.17, '2025-12-07 13:54:31', 'card', 46, 541.47),
	(6, 7, 8, 19, 7205.38, '2026-01-10 13:54:31', 'upi', NULL, 0.00),
	(7, 3, 4, 40, 6618.95, '2026-02-14 13:54:31', 'upi', 42, 1257.60),
	(8, 2, 2, 38, 6333.52, '2025-11-26 13:54:31', 'card', NULL, 0.00),
	(9, 24, 29, 41, 2365.01, '2025-11-21 13:54:31', 'wallet', NULL, 0.00),
	(10, 14, 14, 33, 2324.57, '2025-11-03 13:54:31', 'wallet', NULL, 0.00),
	(11, 22, 27, 21, 733.34, '2025-10-29 13:54:31', 'wallet', NULL, 0.00),
	(12, 28, 36, 56, 4781.35, '2025-12-18 13:54:31', 'wallet', NULL, 0.00),
	(13, 18, 19, 42, 538.36, '2025-12-22 13:54:31', 'other', NULL, 0.00),
	(14, 22, 26, 37, 7661.68, '2025-09-11 13:54:31', 'wallet', NULL, 0.00),
	(15, 5, 41, 58, 5917.54, '2025-12-29 13:54:31', 'card', NULL, 0.00),
	(16, 1, 1, 39, 1765.32, '2025-11-12 13:54:31', 'card', NULL, 0.00),
	(17, 3, 3, 37, 5074.77, '2026-02-14 13:54:31', 'other', NULL, 0.00),
	(18, 19, 20, 53, 4302.14, '2025-10-16 13:54:31', 'other', NULL, 0.00),
	(19, 10, 47, 55, 4952.01, '2025-11-18 13:54:31', 'cash', NULL, 0.00),
	(20, 4, 5, 56, 7990.77, '2025-10-23 13:54:31', 'upi', NULL, 0.00),
	(21, 6, 7, 45, 437.80, '2025-09-29 13:54:31', 'card', NULL, 0.00),
	(22, 14, 14, 27, 1113.09, '2025-09-09 13:54:31', 'cash', NULL, 0.00),
	(23, 19, 21, 47, 502.22, '2025-12-15 13:54:31', 'other', NULL, 0.00),
	(24, 22, 26, 1, 432.86, '2025-09-22 13:54:31', 'other', NULL, 0.00),
	(25, 14, 14, 47, 599.13, '2025-08-23 13:54:31', 'wallet', NULL, 0.00),
	(26, 28, 37, 35, 605.06, '2025-11-13 13:54:31', 'upi', NULL, 0.00),
	(27, 8, 44, 12, 6602.06, '2025-09-29 13:54:31', 'wallet', NULL, 0.00),
	(28, 5, 41, 41, 1690.48, '2026-01-19 13:54:31', 'wallet', NULL, 0.00),
	(29, 20, 23, 34, 7272.53, '2025-09-04 13:54:31', 'other', 15, 1309.06),
	(30, 7, 8, 33, 5621.31, '2025-09-27 13:54:31', 'cash', 14, 1068.05),
	(31, 27, 35, 17, 7943.51, '2026-02-04 13:54:31', 'cash', NULL, 0.00),
	(32, 2, 2, 45, 1589.95, '2025-10-14 13:54:31', 'wallet', NULL, 0.00),
	(33, 13, 13, 31, 3831.19, '2025-09-29 13:54:31', 'other', 22, 229.87),
	(34, 23, 28, 40, 1624.42, '2025-10-26 13:54:31', 'card', NULL, 0.00),
	(35, 8, 9, 33, 5867.11, '2025-11-25 13:54:31', 'upi', 23, 586.71),
	(36, 10, 12, 29, 6487.53, '2025-10-14 13:54:31', 'upi', NULL, 0.00),
	(37, 13, 13, 44, 5550.77, '2025-12-18 13:54:31', 'card', 49, 943.63),
	(38, 6, 42, 21, 4686.87, '2025-11-07 13:54:31', 'wallet', 25, 796.77),
	(39, 13, 13, 35, 5399.07, '2025-12-30 13:54:31', 'card', NULL, 0.00),
	(40, 28, 36, 29, 3612.18, '2025-10-12 13:54:31', 'card', NULL, 0.00),
	(41, 3, 4, 33, 5750.80, '2025-11-17 13:54:31', 'other', NULL, 0.00),
	(42, 18, 19, 50, 5000.42, '2025-09-17 13:54:31', 'wallet', NULL, 0.00),
	(43, 27, 35, 38, 4727.61, '2025-12-24 13:54:31', 'wallet', 12, 661.87),
	(44, 4, 40, 13, 1924.21, '2025-10-09 13:54:31', 'wallet', NULL, 0.00),
	(45, 25, 32, 50, 1138.83, '2026-01-19 13:54:31', 'wallet', NULL, 0.00),
	(46, 18, 19, 56, 3431.07, '2025-11-21 13:54:31', 'other', NULL, 0.00),
	(47, 3, 38, 24, 3917.40, '2026-02-17 13:54:31', 'other', NULL, 0.00),
	(48, 18, 19, 17, 4357.64, '2026-02-06 13:54:31', 'cash', NULL, 0.00),
	(49, 20, 22, 23, 6906.00, '2026-01-06 13:54:31', 'upi', NULL, 0.00),
	(50, 22, 27, 49, 7053.92, '2026-01-20 13:54:31', 'card', 26, 1058.09),
	(51, 28, 36, 17, 3297.26, '2025-11-18 13:54:31', 'upi', NULL, 0.00),
	(52, 14, 14, 12, 1562.72, '2025-11-10 13:54:31', 'cash', NULL, 0.00),
	(53, 5, 41, 46, 7688.40, '2026-01-28 13:54:31', 'card', 19, 1307.03),
	(54, 3, 38, 14, 4108.63, '2025-11-08 13:54:31', 'card', NULL, 0.00),
	(55, 20, 22, 51, 1388.24, '2025-11-10 13:54:31', 'upi', NULL, 0.00),
	(56, 5, 6, 39, 826.22, '2025-08-28 13:54:31', 'card', NULL, 0.00),
	(57, 17, 16, 38, 3661.33, '2026-01-10 13:54:31', 'other', NULL, 0.00),
	(58, 3, 4, 44, 1335.54, '2025-08-29 13:54:31', 'upi', NULL, 0.00),
	(59, 1, 1, 32, 4497.62, '2025-09-06 13:54:31', 'cash', NULL, 0.00),
	(60, 4, 40, 39, 3747.30, '2025-08-23 13:54:31', 'card', 55, 487.15),
	(61, 20, 23, 15, 6912.24, '2026-02-15 13:54:31', 'card', NULL, 0.00),
	(62, 14, 48, 29, 859.80, '2025-12-16 13:54:31', 'wallet', NULL, 0.00),
	(63, 2, 3, 52, 855.01, '2025-09-12 13:54:31', 'card', NULL, 0.00),
	(64, 14, 48, 48, 2481.92, '2025-10-06 13:54:31', 'upi', NULL, 0.00),
	(65, 14, 14, 50, 7782.85, '2025-12-12 13:54:31', 'other', 12, 700.46);

-- Dumping structure for table deal_machan.store_coupons
CREATE TABLE IF NOT EXISTS `store_coupons` (
  `id` int(10) unsigned NOT NULL AUTO_INCREMENT,
  `merchant_id` int(10) unsigned NOT NULL,
  `store_id` int(10) unsigned NOT NULL,
  `coupon_code` varchar(50) NOT NULL,
  `discount_type` enum('percentage','fixed') NOT NULL,
  `discount_value` decimal(10,2) NOT NULL,
  `valid_from` timestamp NULL DEFAULT NULL,
  `valid_until` timestamp NULL DEFAULT NULL,
  `is_gifted` tinyint(1) NOT NULL DEFAULT 0,
  `gifted_to_customer_id` int(10) unsigned DEFAULT NULL,
  `gifted_at` timestamp NULL DEFAULT NULL,
  `is_redeemed` tinyint(1) NOT NULL DEFAULT 0,
  `redeemed_at` timestamp NULL DEFAULT NULL,
  `status` enum('active','inactive','expired') NOT NULL DEFAULT 'active',
  `created_at` timestamp NOT NULL DEFAULT current_timestamp(),
  `updated_at` timestamp NULL DEFAULT NULL ON UPDATE current_timestamp(),
  PRIMARY KEY (`id`),
  UNIQUE KEY `uk_store_coupon_code` (`coupon_code`),
  KEY `idx_merchant_id` (`merchant_id`),
  KEY `idx_store_id` (`store_id`),
  KEY `idx_gifted_to` (`gifted_to_customer_id`),
  KEY `idx_is_redeemed` (`is_redeemed`),
  CONSTRAINT `fk_store_coupons_customer` FOREIGN KEY (`gifted_to_customer_id`) REFERENCES `customers` (`id`) ON DELETE SET NULL,
  CONSTRAINT `fk_store_coupons_merchant` FOREIGN KEY (`merchant_id`) REFERENCES `merchants` (`id`) ON DELETE CASCADE,
  CONSTRAINT `fk_store_coupons_store` FOREIGN KEY (`store_id`) REFERENCES `stores` (`id`) ON DELETE CASCADE
) ENGINE=InnoDB AUTO_INCREMENT=15 DEFAULT CHARSET=utf8mb4 COLLATE=utf8mb4_unicode_ci;

-- Dumping data for table deal_machan.store_coupons: ~14 rows (approximately)
INSERT INTO `store_coupons` (`id`, `merchant_id`, `store_id`, `coupon_code`, `discount_type`, `discount_value`, `valid_from`, `valid_until`, `is_gifted`, `gifted_to_customer_id`, `gifted_at`, `is_redeemed`, `redeemed_at`, `status`, `created_at`, `updated_at`) VALUES
	(1, 17, 16, 'STOREBTJ10', 'percentage', 10.00, '2023-12-31 18:30:00', '2025-12-31 18:29:59', 0, NULL, NULL, 0, NULL, 'active', '2026-02-19 13:51:16', '2026-02-19 13:51:16'),
	(2, 18, 18, 'STOREGOLD5', 'percentage', 5.00, '2023-12-31 18:30:00', '2025-12-31 18:29:59', 0, NULL, NULL, 0, NULL, 'active', '2026-02-19 13:51:16', '2026-02-19 13:51:16'),
	(3, 19, 20, 'STOREHCAFE', 'fixed', 75.00, '2023-12-31 18:30:00', '2025-06-30 18:29:59', 0, NULL, NULL, 0, NULL, 'active', '2026-02-19 13:51:16', '2026-02-19 13:51:16'),
	(4, 20, 22, 'STORESEAF', 'percentage', 12.00, '2023-12-31 18:30:00', '2025-12-31 18:29:59', 0, NULL, NULL, 0, NULL, 'active', '2026-02-19 13:51:16', '2026-02-19 13:51:16'),
	(5, 21, 24, 'STOREAUTO', 'fixed', 100.00, '2024-05-31 18:30:00', '2025-12-31 18:29:59', 0, NULL, NULL, 0, NULL, 'active', '2026-02-19 13:51:16', '2026-02-19 13:51:16'),
	(6, 22, 26, 'STOREPLFC', 'percentage', 8.00, '2024-05-31 18:30:00', '2025-12-31 18:29:59', 0, NULL, NULL, 0, NULL, 'active', '2026-02-19 13:51:16', '2026-02-19 13:51:16'),
	(7, 24, 29, 'STOREOPTIC', 'fixed', 150.00, '2024-05-31 18:30:00', '2025-12-31 18:29:59', 0, NULL, NULL, 0, NULL, 'active', '2026-02-19 13:51:16', '2026-02-19 13:51:16'),
	(8, 25, 31, 'STORETEA', 'percentage', 12.00, '2024-05-31 18:30:00', '2025-12-31 18:29:59', 0, NULL, NULL, 0, NULL, 'active', '2026-02-19 13:51:16', '2026-02-19 13:51:16'),
	(9, 27, 34, 'STOREBOAT', 'percentage', 18.00, '2024-05-31 18:30:00', '2025-12-31 18:29:59', 0, NULL, NULL, 0, NULL, 'active', '2026-02-19 13:51:16', '2026-02-19 13:51:16'),
	(10, 28, 36, 'STORESPICE', 'fixed', 200.00, '2024-05-31 18:30:00', '2025-12-31 18:29:59', 0, NULL, NULL, 0, NULL, 'active', '2026-02-19 13:51:16', '2026-02-19 13:51:16'),
	(11, 2, 2, 'STORESPG1', 'percentage', 5.00, '2023-12-31 18:30:00', '2025-12-31 18:29:59', 0, NULL, NULL, 0, NULL, 'active', '2026-02-19 13:51:16', '2026-02-19 13:51:16'),
	(12, 3, 4, 'STORETXT2', 'percentage', 7.00, '2023-12-31 18:30:00', '2025-12-31 18:29:59', 0, NULL, NULL, 0, NULL, 'active', '2026-02-19 13:51:16', '2026-02-19 13:51:16'),
	(13, 9, 10, 'STOREBIR1', 'percentage', 10.00, '2023-12-31 18:30:00', '2025-12-31 18:29:59', 0, NULL, NULL, 0, NULL, 'active', '2026-02-19 13:51:16', '2026-02-19 13:51:16'),
	(14, 10, 12, 'STOREGLD1', 'percentage', 3.00, '2023-12-31 18:30:00', '2025-12-31 18:29:59', 0, NULL, NULL, 0, NULL, 'active', '2026-02-19 13:51:16', '2026-02-19 13:51:16');

-- Dumping structure for table deal_machan.store_gallery
CREATE TABLE IF NOT EXISTS `store_gallery` (
  `id` int(10) unsigned NOT NULL AUTO_INCREMENT,
  `store_id` int(10) unsigned NOT NULL,
  `image_url` varchar(255) NOT NULL,
  `caption` varchar(255) DEFAULT NULL,
  `display_order` int(11) NOT NULL DEFAULT 0,
  `created_at` timestamp NOT NULL DEFAULT current_timestamp(),
  PRIMARY KEY (`id`),
  KEY `idx_store_id` (`store_id`),
  KEY `idx_display_order` (`display_order`),
  CONSTRAINT `fk_gallery_store` FOREIGN KEY (`store_id`) REFERENCES `stores` (`id`) ON DELETE CASCADE
) ENGINE=InnoDB AUTO_INCREMENT=120 DEFAULT CHARSET=utf8mb4 COLLATE=utf8mb4_unicode_ci;

-- Dumping data for table deal_machan.store_gallery: ~119 rows (approximately)
INSERT INTO `store_gallery` (`id`, `store_id`, `image_url`, `caption`, `display_order`, `created_at`) VALUES
	(1, 1, 'https://placehold.co/800x600/4A90D9/ffffff?text=Test+Restaurant', 'Storefront', 1, '2026-02-19 18:20:09'),
	(2, 1, 'https://placehold.co/800x600/4A90D9/ffffff?text=Test+Restaurant', 'Interior View', 2, '2026-02-19 18:20:09'),
	(3, 2, 'https://placehold.co/800x600/4A90D9/ffffff?text=Spice+Garden+Ernakulam', 'Storefront', 1, '2026-02-19 18:20:09'),
	(4, 2, 'https://placehold.co/800x600/4A90D9/ffffff?text=Spice+Garden+Ernakulam', 'Interior View', 2, '2026-02-19 18:20:09'),
	(5, 2, 'https://placehold.co/800x600/4A90D9/ffffff?text=Spice+Garden+Ernakulam', 'Product Display', 3, '2026-02-19 18:20:09'),
	(6, 3, 'https://placehold.co/800x600/4A90D9/ffffff?text=Spice+Garden+MG+Rd', 'Storefront', 1, '2026-02-19 18:20:09'),
	(7, 3, 'https://placehold.co/800x600/4A90D9/ffffff?text=Spice+Garden+MG+Rd', 'Interior View', 2, '2026-02-19 18:20:09'),
	(8, 3, 'https://placehold.co/800x600/4A90D9/ffffff?text=Spice+Garden+MG+Rd', 'Product Display', 3, '2026-02-19 18:20:09'),
	(9, 4, 'https://placehold.co/800x600/4A90D9/ffffff?text=Royal+Textiles+Pattom', 'Storefront', 1, '2026-02-19 18:20:09'),
	(10, 4, 'https://placehold.co/800x600/4A90D9/ffffff?text=Royal+Textiles+Pattom', 'Interior View', 2, '2026-02-19 18:20:09'),
	(11, 5, 'https://placehold.co/800x600/4A90D9/ffffff?text=Kerala+Sweets+Palayam', 'Storefront', 1, '2026-02-19 18:20:09'),
	(12, 5, 'https://placehold.co/800x600/4A90D9/ffffff?text=Kerala+Sweets+Palayam', 'Interior View', 2, '2026-02-19 18:20:09'),
	(13, 5, 'https://placehold.co/800x600/4A90D9/ffffff?text=Kerala+Sweets+Palayam', 'Product Display', 3, '2026-02-19 18:20:09'),
	(14, 6, 'https://placehold.co/800x600/4A90D9/ffffff?text=FitZone+Kakkanad', 'Storefront', 1, '2026-02-19 18:20:09'),
	(15, 6, 'https://placehold.co/800x600/4A90D9/ffffff?text=FitZone+Kakkanad', 'Interior View', 2, '2026-02-19 18:20:09'),
	(16, 7, 'https://placehold.co/800x600/4A90D9/ffffff?text=MedPlus+Thampanoor', 'Storefront', 1, '2026-02-19 18:20:09'),
	(17, 7, 'https://placehold.co/800x600/4A90D9/ffffff?text=MedPlus+Thampanoor', 'Interior View', 2, '2026-02-19 18:20:09'),
	(18, 7, 'https://placehold.co/800x600/4A90D9/ffffff?text=MedPlus+Thampanoor', 'Product Display', 3, '2026-02-19 18:20:09'),
	(19, 8, 'https://placehold.co/800x600/4A90D9/ffffff?text=Cafe+Mocha+Vyttila', 'Storefront', 1, '2026-02-19 18:20:09'),
	(20, 8, 'https://placehold.co/800x600/4A90D9/ffffff?text=Cafe+Mocha+Vyttila', 'Interior View', 2, '2026-02-19 18:20:09'),
	(21, 9, 'https://placehold.co/800x600/4A90D9/ffffff?text=Star+Electronics+Ulloor', 'Storefront', 1, '2026-02-19 18:20:09'),
	(22, 9, 'https://placehold.co/800x600/4A90D9/ffffff?text=Star+Electronics+Ulloor', 'Interior View', 2, '2026-02-19 18:20:09'),
	(23, 9, 'https://placehold.co/800x600/4A90D9/ffffff?text=Star+Electronics+Ulloor', 'Product Display', 3, '2026-02-19 18:20:09'),
	(24, 10, 'https://placehold.co/800x600/4A90D9/ffffff?text=Malabar+Biriyani+Mavoor', 'Storefront', 1, '2026-02-19 18:20:09'),
	(25, 10, 'https://placehold.co/800x600/4A90D9/ffffff?text=Malabar+Biriyani+Mavoor', 'Interior View', 2, '2026-02-19 18:20:09'),
	(26, 11, 'https://placehold.co/800x600/4A90D9/ffffff?text=Malabar+Biriyani+Hilite', 'Storefront', 1, '2026-02-19 18:20:09'),
	(27, 11, 'https://placehold.co/800x600/4A90D9/ffffff?text=Malabar+Biriyani+Hilite', 'Interior View', 2, '2026-02-19 18:20:09'),
	(28, 12, 'https://placehold.co/800x600/4A90D9/ffffff?text=Golden+Jewels+Marine+Drive', 'Storefront', 1, '2026-02-19 18:20:09'),
	(29, 12, 'https://placehold.co/800x600/4A90D9/ffffff?text=Golden+Jewels+Marine+Drive', 'Interior View', 2, '2026-02-19 18:20:09'),
	(30, 13, 'https://placehold.co/800x600/4A90D9/ffffff?text=Paradise+Resort', 'Storefront', 1, '2026-02-19 18:20:09'),
	(31, 13, 'https://placehold.co/800x600/4A90D9/ffffff?text=Paradise+Resort', 'Interior View', 2, '2026-02-19 18:20:09'),
	(32, 14, 'https://placehold.co/800x600/4A90D9/ffffff?text=Sunrise+Bakers+Beach+Rd', 'Storefront', 1, '2026-02-19 18:20:09'),
	(33, 14, 'https://placehold.co/800x600/4A90D9/ffffff?text=Sunrise+Bakers+Beach+Rd', 'Interior View', 2, '2026-02-19 18:20:09'),
	(34, 15, 'https://placehold.co/800x600/4A90D9/ffffff?text=Sunrise+Bakers+Ramanattukara', 'Storefront', 1, '2026-02-19 18:20:09'),
	(35, 15, 'https://placehold.co/800x600/4A90D9/ffffff?text=Sunrise+Bakers+Ramanattukara', 'Interior View', 2, '2026-02-19 18:20:09'),
	(36, 16, 'https://placehold.co/800x600/4A90D9/ffffff?text=Kottayam+Rubber+Baker+Junction', 'Storefront', 1, '2026-02-19 18:20:09'),
	(37, 16, 'https://placehold.co/800x600/4A90D9/ffffff?text=Kottayam+Rubber+Baker+Junction', 'Interior View', 2, '2026-02-19 18:20:09'),
	(38, 17, 'https://placehold.co/800x600/4A90D9/ffffff?text=Kottayam+Rubber+MC+Road', 'Storefront', 1, '2026-02-19 18:20:09'),
	(39, 17, 'https://placehold.co/800x600/4A90D9/ffffff?text=Kottayam+Rubber+MC+Road', 'Interior View', 2, '2026-02-19 18:20:09'),
	(40, 18, 'https://placehold.co/800x600/4A90D9/ffffff?text=Thrissur+Gold+Palace+Swaraj', 'Storefront', 1, '2026-02-19 18:20:09'),
	(41, 18, 'https://placehold.co/800x600/4A90D9/ffffff?text=Thrissur+Gold+Palace+Swaraj', 'Interior View', 2, '2026-02-19 18:20:09'),
	(42, 18, 'https://placehold.co/800x600/4A90D9/ffffff?text=Thrissur+Gold+Palace+Swaraj', 'Product Display', 3, '2026-02-19 18:20:09'),
	(43, 19, 'https://placehold.co/800x600/4A90D9/ffffff?text=Thrissur+Gold+Palace+East+Fort', 'Storefront', 1, '2026-02-19 18:20:09'),
	(44, 19, 'https://placehold.co/800x600/4A90D9/ffffff?text=Thrissur+Gold+Palace+East+Fort', 'Interior View', 2, '2026-02-19 18:20:09'),
	(45, 20, 'https://placehold.co/800x600/4A90D9/ffffff?text=Calicut+Heritage+Cafe+Mavoor', 'Storefront', 1, '2026-02-19 18:20:09'),
	(46, 20, 'https://placehold.co/800x600/4A90D9/ffffff?text=Calicut+Heritage+Cafe+Mavoor', 'Interior View', 2, '2026-02-19 18:20:09'),
	(47, 20, 'https://placehold.co/800x600/4A90D9/ffffff?text=Calicut+Heritage+Cafe+Mavoor', 'Product Display', 3, '2026-02-19 18:20:09'),
	(48, 21, 'https://placehold.co/800x600/4A90D9/ffffff?text=Calicut+Heritage+Cafe+Palayam', 'Storefront', 1, '2026-02-19 18:20:09'),
	(49, 21, 'https://placehold.co/800x600/4A90D9/ffffff?text=Calicut+Heritage+Cafe+Palayam', 'Interior View', 2, '2026-02-19 18:20:09'),
	(50, 21, 'https://placehold.co/800x600/4A90D9/ffffff?text=Calicut+Heritage+Cafe+Palayam', 'Product Display', 3, '2026-02-19 18:20:09'),
	(51, 22, 'https://placehold.co/800x600/4A90D9/ffffff?text=Kollam+Sea+Foods+Chinnakada', 'Storefront', 1, '2026-02-19 18:20:09'),
	(52, 22, 'https://placehold.co/800x600/4A90D9/ffffff?text=Kollam+Sea+Foods+Chinnakada', 'Interior View', 2, '2026-02-19 18:20:09'),
	(53, 23, 'https://placehold.co/800x600/4A90D9/ffffff?text=Kollam+Sea+Foods+Asramam', 'Storefront', 1, '2026-02-19 18:20:09'),
	(54, 23, 'https://placehold.co/800x600/4A90D9/ffffff?text=Kollam+Sea+Foods+Asramam', 'Interior View', 2, '2026-02-19 18:20:09'),
	(55, 24, 'https://placehold.co/800x600/4A90D9/ffffff?text=Kochi+Auto+Parts+Kakkanad', 'Storefront', 1, '2026-02-19 18:20:09'),
	(56, 24, 'https://placehold.co/800x600/4A90D9/ffffff?text=Kochi+Auto+Parts+Kakkanad', 'Interior View', 2, '2026-02-19 18:20:09'),
	(57, 25, 'https://placehold.co/800x600/4A90D9/ffffff?text=Kochi+Auto+Parts+Edappally', 'Storefront', 1, '2026-02-19 18:20:09'),
	(58, 25, 'https://placehold.co/800x600/4A90D9/ffffff?text=Kochi+Auto+Parts+Edappally', 'Interior View', 2, '2026-02-19 18:20:09'),
	(59, 26, 'https://placehold.co/800x600/4A90D9/ffffff?text=Palace+Furniture+Marine+Drive', 'Storefront', 1, '2026-02-19 18:20:09'),
	(60, 26, 'https://placehold.co/800x600/4A90D9/ffffff?text=Palace+Furniture+Marine+Drive', 'Interior View', 2, '2026-02-19 18:20:09'),
	(61, 26, 'https://placehold.co/800x600/4A90D9/ffffff?text=Palace+Furniture+Marine+Drive', 'Product Display', 3, '2026-02-19 18:20:09'),
	(62, 27, 'https://placehold.co/800x600/4A90D9/ffffff?text=Palace+Furniture+Kaloor', 'Storefront', 1, '2026-02-19 18:20:09'),
	(63, 27, 'https://placehold.co/800x600/4A90D9/ffffff?text=Palace+Furniture+Kaloor', 'Interior View', 2, '2026-02-19 18:20:09'),
	(64, 27, 'https://placehold.co/800x600/4A90D9/ffffff?text=Palace+Furniture+Kaloor', 'Product Display', 3, '2026-02-19 18:20:09'),
	(65, 28, 'https://placehold.co/800x600/4A90D9/ffffff?text=Green+Valley+Pattom', 'Storefront', 1, '2026-02-19 18:20:09'),
	(66, 28, 'https://placehold.co/800x600/4A90D9/ffffff?text=Green+Valley+Pattom', 'Interior View', 2, '2026-02-19 18:20:09'),
	(67, 29, 'https://placehold.co/800x600/4A90D9/ffffff?text=Trivandrum+Opticals+Kowdiar', 'Storefront', 1, '2026-02-19 18:20:09'),
	(68, 29, 'https://placehold.co/800x600/4A90D9/ffffff?text=Trivandrum+Opticals+Kowdiar', 'Interior View', 2, '2026-02-19 18:20:09'),
	(69, 29, 'https://placehold.co/800x600/4A90D9/ffffff?text=Trivandrum+Opticals+Kowdiar', 'Product Display', 3, '2026-02-19 18:20:09'),
	(70, 30, 'https://placehold.co/800x600/4A90D9/ffffff?text=Trivandrum+Opticals+Thampanoor', 'Storefront', 1, '2026-02-19 18:20:09'),
	(71, 30, 'https://placehold.co/800x600/4A90D9/ffffff?text=Trivandrum+Opticals+Thampanoor', 'Interior View', 2, '2026-02-19 18:20:09'),
	(72, 30, 'https://placehold.co/800x600/4A90D9/ffffff?text=Trivandrum+Opticals+Thampanoor', 'Product Display', 3, '2026-02-19 18:20:09'),
	(73, 31, 'https://placehold.co/800x600/4A90D9/ffffff?text=Munnar+Tea+House+MG+Road', 'Storefront', 1, '2026-02-19 18:20:09'),
	(74, 31, 'https://placehold.co/800x600/4A90D9/ffffff?text=Munnar+Tea+House+MG+Road', 'Interior View', 2, '2026-02-19 18:20:09'),
	(75, 31, 'https://placehold.co/800x600/4A90D9/ffffff?text=Munnar+Tea+House+MG+Road', 'Product Display', 3, '2026-02-19 18:20:09'),
	(76, 32, 'https://placehold.co/800x600/4A90D9/ffffff?text=Munnar+Tea+House+Ernakulam', 'Storefront', 1, '2026-02-19 18:20:09'),
	(77, 32, 'https://placehold.co/800x600/4A90D9/ffffff?text=Munnar+Tea+House+Ernakulam', 'Interior View', 2, '2026-02-19 18:20:09'),
	(78, 32, 'https://placehold.co/800x600/4A90D9/ffffff?text=Munnar+Tea+House+Ernakulam', 'Product Display', 3, '2026-02-19 18:20:09'),
	(79, 33, 'https://placehold.co/800x600/4A90D9/ffffff?text=Tattoo+Art+Studio+Vyttila', 'Storefront', 1, '2026-02-19 18:20:09'),
	(80, 33, 'https://placehold.co/800x600/4A90D9/ffffff?text=Tattoo+Art+Studio+Vyttila', 'Interior View', 2, '2026-02-19 18:20:09'),
	(81, 34, 'https://placehold.co/800x600/4A90D9/ffffff?text=Alappuzha+Boats+Mullakkal', 'Storefront', 1, '2026-02-19 18:20:09'),
	(82, 34, 'https://placehold.co/800x600/4A90D9/ffffff?text=Alappuzha+Boats+Mullakkal', 'Interior View', 2, '2026-02-19 18:20:09'),
	(83, 34, 'https://placehold.co/800x600/4A90D9/ffffff?text=Alappuzha+Boats+Mullakkal', 'Product Display', 3, '2026-02-19 18:20:09'),
	(84, 35, 'https://placehold.co/800x600/4A90D9/ffffff?text=Alappuzha+Boats+Iron+Bridge', 'Storefront', 1, '2026-02-19 18:20:09'),
	(85, 35, 'https://placehold.co/800x600/4A90D9/ffffff?text=Alappuzha+Boats+Iron+Bridge', 'Interior View', 2, '2026-02-19 18:20:09'),
	(86, 35, 'https://placehold.co/800x600/4A90D9/ffffff?text=Alappuzha+Boats+Iron+Bridge', 'Product Display', 3, '2026-02-19 18:20:09'),
	(87, 36, 'https://placehold.co/800x600/4A90D9/ffffff?text=Kerala+Spices+Ernakulam', 'Storefront', 1, '2026-02-19 18:20:09'),
	(88, 36, 'https://placehold.co/800x600/4A90D9/ffffff?text=Kerala+Spices+Ernakulam', 'Interior View', 2, '2026-02-19 18:20:09'),
	(89, 36, 'https://placehold.co/800x600/4A90D9/ffffff?text=Kerala+Spices+Ernakulam', 'Product Display', 3, '2026-02-19 18:20:09'),
	(90, 37, 'https://placehold.co/800x600/4A90D9/ffffff?text=Kerala+Spices+Mavoor+Road', 'Storefront', 1, '2026-02-19 18:20:09'),
	(91, 37, 'https://placehold.co/800x600/4A90D9/ffffff?text=Kerala+Spices+Mavoor+Road', 'Interior View', 2, '2026-02-19 18:20:09'),
	(92, 38, 'https://placehold.co/800x600/4A90D9/ffffff?text=Royal+Textiles+MG+Road', 'Storefront', 1, '2026-02-19 18:20:09'),
	(93, 38, 'https://placehold.co/800x600/4A90D9/ffffff?text=Royal+Textiles+MG+Road', 'Interior View', 2, '2026-02-19 18:20:09'),
	(94, 38, 'https://placehold.co/800x600/4A90D9/ffffff?text=Royal+Textiles+MG+Road', 'Product Display', 3, '2026-02-19 18:20:09'),
	(95, 39, 'https://placehold.co/800x600/4A90D9/ffffff?text=Kerala+Sweets+TVM', 'Storefront', 1, '2026-02-19 18:20:09'),
	(96, 39, 'https://placehold.co/800x600/4A90D9/ffffff?text=Kerala+Sweets+TVM', 'Interior View', 2, '2026-02-19 18:20:09'),
	(97, 39, 'https://placehold.co/800x600/4A90D9/ffffff?text=Kerala+Sweets+TVM', 'Product Display', 3, '2026-02-19 18:20:09'),
	(98, 40, 'https://placehold.co/800x600/4A90D9/ffffff?text=Kerala+Sweets+Kochi', 'Storefront', 1, '2026-02-19 18:20:09'),
	(99, 40, 'https://placehold.co/800x600/4A90D9/ffffff?text=Kerala+Sweets+Kochi', 'Interior View', 2, '2026-02-19 18:20:09'),
	(100, 40, 'https://placehold.co/800x600/4A90D9/ffffff?text=Kerala+Sweets+Kochi', 'Product Display', 3, '2026-02-19 18:20:09'),
	(101, 41, 'https://placehold.co/800x600/4A90D9/ffffff?text=FitZone+Pattom', 'Storefront', 1, '2026-02-19 18:20:09'),
	(102, 41, 'https://placehold.co/800x600/4A90D9/ffffff?text=FitZone+Pattom', 'Interior View', 2, '2026-02-19 18:20:09'),
	(103, 42, 'https://placehold.co/800x600/4A90D9/ffffff?text=MedPlus+MG+Road+Kochi', 'Storefront', 1, '2026-02-19 18:20:09'),
	(104, 42, 'https://placehold.co/800x600/4A90D9/ffffff?text=MedPlus+MG+Road+Kochi', 'Interior View', 2, '2026-02-19 18:20:09'),
	(105, 43, 'https://placehold.co/800x600/4A90D9/ffffff?text=Cafe+Mocha+Marine+Drive', 'Storefront', 1, '2026-02-19 18:20:09'),
	(106, 43, 'https://placehold.co/800x600/4A90D9/ffffff?text=Cafe+Mocha+Marine+Drive', 'Interior View', 2, '2026-02-19 18:20:09'),
	(107, 44, 'https://placehold.co/800x600/4A90D9/ffffff?text=Star+Electronics+Kakkanad', 'Storefront', 1, '2026-02-19 18:20:09'),
	(108, 44, 'https://placehold.co/800x600/4A90D9/ffffff?text=Star+Electronics+Kakkanad', 'Interior View', 2, '2026-02-19 18:20:09'),
	(109, 45, 'https://placehold.co/800x600/4A90D9/ffffff?text=Star+Electronics+Thrissur', 'Storefront', 1, '2026-02-19 18:20:09'),
	(110, 45, 'https://placehold.co/800x600/4A90D9/ffffff?text=Star+Electronics+Thrissur', 'Interior View', 2, '2026-02-19 18:20:09'),
	(111, 45, 'https://placehold.co/800x600/4A90D9/ffffff?text=Star+Electronics+Thrissur', 'Product Display', 3, '2026-02-19 18:20:09'),
	(112, 46, 'https://placehold.co/800x600/4A90D9/ffffff?text=Malabar+Biriyani+Beach+Road', 'Storefront', 1, '2026-02-19 18:20:09'),
	(113, 46, 'https://placehold.co/800x600/4A90D9/ffffff?text=Malabar+Biriyani+Beach+Road', 'Interior View', 2, '2026-02-19 18:20:09'),
	(114, 46, 'https://placehold.co/800x600/4A90D9/ffffff?text=Malabar+Biriyani+Beach+Road', 'Product Display', 3, '2026-02-19 18:20:09'),
	(115, 47, 'https://placehold.co/800x600/4A90D9/ffffff?text=Golden+Jewels+Thrissur', 'Storefront', 1, '2026-02-19 18:20:09'),
	(116, 47, 'https://placehold.co/800x600/4A90D9/ffffff?text=Golden+Jewels+Thrissur', 'Interior View', 2, '2026-02-19 18:20:09'),
	(117, 47, 'https://placehold.co/800x600/4A90D9/ffffff?text=Golden+Jewels+Thrissur', 'Product Display', 3, '2026-02-19 18:20:09'),
	(118, 48, 'https://placehold.co/800x600/4A90D9/ffffff?text=Sunrise+Bakers+Palayam', 'Storefront', 1, '2026-02-19 18:20:09'),
	(119, 48, 'https://placehold.co/800x600/4A90D9/ffffff?text=Sunrise+Bakers+Palayam', 'Interior View', 2, '2026-02-19 18:20:09');

-- Dumping structure for table deal_machan.stores
CREATE TABLE IF NOT EXISTS `stores` (
  `id` int(10) unsigned NOT NULL AUTO_INCREMENT,
  `merchant_id` int(10) unsigned NOT NULL,
  `store_name` varchar(255) NOT NULL,
  `address` text NOT NULL,
  `city_id` int(10) unsigned NOT NULL,
  `area_id` int(10) unsigned NOT NULL,
  `location_id` int(10) unsigned DEFAULT NULL,
  `phone` varchar(20) DEFAULT NULL,
  `email` varchar(255) DEFAULT NULL,
  `latitude` decimal(10,8) DEFAULT NULL,
  `longitude` decimal(11,8) DEFAULT NULL,
  `opening_hours` longtext CHARACTER SET utf8mb4 COLLATE utf8mb4_bin DEFAULT NULL CHECK (json_valid(`opening_hours`)),
  `description` text DEFAULT NULL,
  `status` enum('active','inactive') NOT NULL DEFAULT 'active',
  `created_at` timestamp NOT NULL DEFAULT current_timestamp(),
  `updated_at` timestamp NULL DEFAULT NULL ON UPDATE current_timestamp(),
  PRIMARY KEY (`id`),
  KEY `idx_merchant_id` (`merchant_id`),
  KEY `idx_city_id` (`city_id`),
  KEY `idx_area_id` (`area_id`),
  KEY `idx_location_id` (`location_id`),
  KEY `idx_status` (`status`),
  KEY `idx_lat_lng` (`latitude`,`longitude`),
  CONSTRAINT `fk_stores_area` FOREIGN KEY (`area_id`) REFERENCES `areas` (`id`),
  CONSTRAINT `fk_stores_city` FOREIGN KEY (`city_id`) REFERENCES `cities` (`id`),
  CONSTRAINT `fk_stores_location` FOREIGN KEY (`location_id`) REFERENCES `locations` (`id`) ON DELETE SET NULL,
  CONSTRAINT `fk_stores_merchant` FOREIGN KEY (`merchant_id`) REFERENCES `merchants` (`id`) ON DELETE CASCADE
) ENGINE=InnoDB AUTO_INCREMENT=49 DEFAULT CHARSET=utf8mb4 COLLATE=utf8mb4_unicode_ci;

-- Dumping data for table deal_machan.stores: ~48 rows (approximately)
INSERT INTO `stores` (`id`, `merchant_id`, `store_name`, `address`, `city_id`, `area_id`, `location_id`, `phone`, `email`, `latitude`, `longitude`, `opening_hours`, `description`, `status`, `created_at`, `updated_at`) VALUES
	(1, 1, 'Test Restaurant - Andheri', '123 Main Street, Andheri West', 1, 1, NULL, NULL, NULL, NULL, NULL, NULL, NULL, 'active', '2025-10-22 10:06:11', NULL),
	(2, 2, 'Spice Garden - Ernakulam', '12 Market Road, Ernakulam', 2, 11, NULL, '9400200001', 'ernakulam@spicegarden.com', NULL, NULL, NULL, NULL, 'active', '2025-08-01 04:30:00', NULL),
	(3, 2, 'Spice Garden - MG Road', '45 MG Road, Kochi', 2, 12, NULL, '9400200002', 'mgroad@spicegarden.com', NULL, NULL, NULL, NULL, 'active', '2025-08-10 04:30:00', NULL),
	(4, 3, 'Royal Textiles - Pattom', '78 Pattom Main Road, TVM', 1, 1, NULL, '9400200003', NULL, NULL, NULL, NULL, NULL, 'active', '2025-08-05 05:30:00', NULL),
	(5, 4, 'Kerala Sweets - Palayam', '30 Palayam, Kozhikode', 3, 24, NULL, '9400200004', NULL, NULL, NULL, NULL, NULL, 'active', '2025-08-10 06:30:00', NULL),
	(6, 5, 'FitZone - Kakkanad', '88 Info Park Road, Kakkanad, Kochi', 2, 13, NULL, '9400200005', 'kakkanad@fitzone.com', NULL, NULL, NULL, NULL, 'active', '2025-08-15 04:30:00', NULL),
	(7, 6, 'MedPlus - Thampanoor', '15 Thampanoor, TVM', 1, 5, NULL, '9400200006', NULL, NULL, NULL, NULL, NULL, 'active', '2025-08-20 09:30:00', NULL),
	(8, 7, 'Cafe Mocha - Vyttila', '22 Vyttila Hub, Kochi', 2, 16, NULL, '9400200007', NULL, NULL, NULL, NULL, NULL, 'active', '2025-09-01 03:30:00', '2026-02-20 03:54:50'),
	(9, 8, 'Star Electronics - Ulloor', '55 Ulloor, TVM', 1, 9, NULL, '9400200008', NULL, NULL, NULL, NULL, NULL, 'active', '2025-09-05 05:30:00', NULL),
	(10, 9, 'Malabar Biriyani - Mavoor', '18 Mavoor Road, Kozhikode', 3, 23, NULL, '9400200009', NULL, NULL, NULL, NULL, NULL, 'active', '2025-09-10 07:30:00', NULL),
	(11, 9, 'Malabar Biriyani - Hilite', 'Hilite Mall, Kozhikode', 3, 25, NULL, '9400200010', NULL, NULL, NULL, NULL, NULL, 'active', '2025-09-12 03:30:00', NULL),
	(12, 10, 'Golden Jewels - Marine Drive', '14 Marine Drive, Kochi', 2, 18, NULL, '9400200011', 'info@goldenjewels.com', NULL, NULL, NULL, NULL, 'active', '2025-09-15 04:30:00', NULL),
	(13, 13, 'Paradise Resort - Alleppey', 'Near Alappuzha Jetty, Alleppey', 7, 0, NULL, '9400200012', 'info@paradiseresort.com', NULL, NULL, NULL, NULL, 'active', '2025-10-05 04:30:00', NULL),
	(14, 14, 'Sunrise Bakers - Beach Road', '5 Beach Road, Kozhikode', 3, 29, NULL, '9400200013', NULL, NULL, NULL, NULL, NULL, 'active', '2025-10-10 03:30:00', NULL),
	(15, 14, 'Sunrise Bakers - Ramanattukara', '12 Ramanattukara, Kozhikode', 3, 27, NULL, '9400200014', NULL, NULL, NULL, NULL, NULL, 'active', '2025-10-12 03:30:00', NULL),
	(16, 17, 'Kottayam Rubber - Baker Junction', '28, Baker Junction Rd, Kottayam', 6, 44, NULL, '04812401001', NULL, 9.59000000, 76.52000000, NULL, 'Leading rubber products store in Kottayam.', 'active', '2026-02-19 13:46:50', NULL),
	(17, 17, 'Kottayam Rubber - MC Road', 'MC Road, Kottayam', 6, 45, NULL, '04812401002', NULL, 9.60000000, 76.52000000, NULL, 'Branch outlet on MC Road.', 'active', '2026-02-19 13:46:50', NULL),
	(18, 18, 'Thrissur Gold Palace - Swaraj', 'Swaraj Round, Thrissur', 4, 31, NULL, '04872401001', NULL, 10.52000000, 76.22000000, NULL, 'Premium jewellery showroom.', 'active', '2026-02-19 13:46:50', NULL),
	(19, 18, 'Thrissur Gold Palace - East Fort', 'East Fort, Thrissur', 4, 32, NULL, '04872401002', NULL, 10.52000000, 76.21000000, NULL, 'Branch jewellery store.', 'active', '2026-02-19 13:46:50', NULL),
	(20, 19, 'Calicut Heritage Cafe - Mavoor', 'Mavoor Road, Kozhikode', 3, 23, NULL, '04952401001', NULL, 11.25000000, 75.78000000, NULL, 'Authentic Kerala cuisine.', 'active', '2026-02-19 13:46:50', NULL),
	(21, 19, 'Calicut Heritage Cafe - Palayam', 'Palayam, Kozhikode', 3, 24, NULL, '04952401002', NULL, 11.25000000, 75.78000000, NULL, 'City centre cafe.', 'active', '2026-02-19 13:46:50', NULL),
	(22, 20, 'Kollam Sea Foods - Chinnakada', 'Chinnakada, Kollam', 5, 38, NULL, '04742401001', NULL, 8.88000000, 76.59000000, NULL, 'Fresh seafood market & restaurant.', 'active', '2026-02-19 13:46:50', NULL),
	(23, 20, 'Kollam Sea Foods - Asramam', 'Asramam, Kollam', 5, 39, NULL, '04742401002', NULL, 8.87000000, 76.60000000, NULL, 'Asramam branch.', 'active', '2026-02-19 13:46:50', NULL),
	(24, 21, 'Kochi Auto Parts - Kakkanad', 'Kakkanad, Kochi', 2, 13, NULL, '04842401001', NULL, 10.00000000, 76.35000000, NULL, 'Auto spare parts.', 'active', '2026-02-19 13:46:50', NULL),
	(25, 21, 'Kochi Auto Parts - Edappally', 'Edappally Junction, Kochi', 2, 14, NULL, '04842401002', NULL, 10.02000000, 76.31000000, NULL, 'Edappally branch.', 'active', '2026-02-19 13:46:50', NULL),
	(26, 22, 'Palace Furniture - Marine Drive', 'Marine Drive, Kochi', 2, 18, NULL, '04842402001', NULL, 9.97000000, 76.28000000, NULL, 'Premium furniture showroom.', 'active', '2026-02-19 13:46:50', NULL),
	(27, 22, 'Palace Furniture - Kaloor', 'Kaloor, Kochi', 2, 19, NULL, '04842402002', NULL, 9.99000000, 76.29000000, NULL, 'Kaloor branch.', 'active', '2026-02-19 13:46:50', NULL),
	(28, 23, 'Green Valley - Pattom', 'Pattom, Thiruvananthapuram', 1, 1, NULL, '04712401001', NULL, 8.51000000, 76.94000000, NULL, 'Organic produce outlet.', 'active', '2026-02-19 13:46:50', NULL),
	(29, 24, 'Trivandrum Opticals - Kowdiar', 'Kowdiar, Thiruvananthapuram', 1, 2, NULL, '04712402001', NULL, 8.51000000, 76.94000000, NULL, 'Eye care & optical store.', 'active', '2026-02-19 13:46:50', NULL),
	(30, 24, 'Trivandrum Opticals - Thampanoor', 'Thampanoor, Thiruvananthapuram', 1, 5, NULL, '04712402002', NULL, 8.49000000, 76.95000000, NULL, 'Station area branch.', 'active', '2026-02-19 13:46:50', NULL),
	(31, 25, 'Munnar Tea House - MG Road', 'MG Road, Kochi', 2, 12, NULL, '04842403001', NULL, 9.97000000, 76.29000000, NULL, 'Premium tea & spice shop.', 'active', '2026-02-19 13:46:50', NULL),
	(32, 25, 'Munnar Tea House - Ernakulam', 'Ernakulam, Kochi', 2, 11, NULL, '04842403002', NULL, 9.98000000, 76.28000000, NULL, 'Ernakulam branch.', 'active', '2026-02-19 13:46:50', NULL),
	(33, 26, 'Tattoo Art Studio - Vyttila', 'Vyttila Hub, Kochi', 2, 16, NULL, '04842404001', NULL, 9.96000000, 76.31000000, NULL, 'Premier tattoo studio.', 'active', '2026-02-19 13:46:50', NULL),
	(34, 27, 'Alappuzha Boats - Mullakkal', 'Mullakkal, Alappuzha', 7, 50, NULL, '04772401001', NULL, 9.50000000, 76.34000000, NULL, 'Houseboat booking office.', 'active', '2026-02-19 13:46:50', NULL),
	(35, 27, 'Alappuzha Boats - Iron Bridge', 'Iron Bridge Jetty, Alappuzha', 7, 52, NULL, '04772401002', NULL, 9.49000000, 76.33000000, NULL, 'Boat jetty pickup point.', 'active', '2026-02-19 13:46:50', NULL),
	(36, 28, 'Kerala Spices - Ernakulam', 'Ernakulam, Kochi', 2, 11, NULL, '04842405001', NULL, 9.98000000, 76.28000000, NULL, 'Spice retail store.', 'active', '2026-02-19 13:46:50', NULL),
	(37, 28, 'Kerala Spices - Mavoor Road', 'Mavoor Road, Kozhikode', 3, 23, NULL, '04952402001', NULL, 11.25000000, 75.78000000, NULL, 'Kozhikode spice hub.', 'active', '2026-02-19 13:46:50', NULL),
	(38, 3, 'Royal Textiles - MG Road', 'MG Road, Kochi', 2, 12, NULL, '04842301001', NULL, 9.97000000, 76.29000000, NULL, 'Kochi saree showroom.', 'active', '2026-02-19 13:46:50', NULL),
	(39, 4, 'Kerala Sweets - TVM', 'Pattom, Thiruvananthapuram', 1, 1, NULL, '04712304001', NULL, 8.51000000, 76.94000000, NULL, 'TVM sweets outlet.', 'active', '2026-02-19 13:46:50', NULL),
	(40, 4, 'Kerala Sweets - Kochi', 'MG Road, Kochi', 2, 12, NULL, '04842304001', NULL, 9.97000000, 76.29000000, NULL, 'Kochi sweet shop.', 'active', '2026-02-19 13:46:50', NULL),
	(41, 5, 'FitZone - Pattom', 'Pattom, Thiruvananthapuram', 1, 1, NULL, '04712305001', NULL, 8.51000000, 76.94000000, NULL, 'TVM fitness centre.', 'active', '2026-02-19 13:46:50', NULL),
	(42, 6, 'MedPlus - MG Road Kochi', 'MG Road, Kochi', 2, 12, NULL, '04842306001', NULL, 9.97000000, 76.29000000, NULL, 'Kochi pharmacy.', 'active', '2026-02-19 13:46:50', NULL),
	(43, 7, 'Cafe Mocha - Marine Drive', 'Marine Drive, Kochi', 2, 18, NULL, '04842307001', NULL, 9.97000000, 76.28000000, NULL, 'Coffee with a view.', 'active', '2026-02-19 13:46:50', NULL),
	(44, 8, 'Star Electronics - Kakkanad', 'Kakkanad, Kochi', 2, 13, NULL, '04842308001', NULL, 10.00000000, 76.35000000, NULL, 'Electronics & gadgets.', 'active', '2026-02-19 13:46:50', NULL),
	(45, 8, 'Star Electronics - Thrissur', 'Swaraj Round, Thrissur', 4, 31, NULL, '04872308001', NULL, 10.52000000, 76.22000000, NULL, 'Thrissur electronics store.', 'active', '2026-02-19 13:46:50', NULL),
	(46, 9, 'Malabar Biriyani - Beach Road', 'Beach Road, Kozhikode', 3, 29, NULL, '04952309001', NULL, 11.25000000, 75.79000000, NULL, 'Beach location eatery.', 'active', '2026-02-19 13:46:50', NULL),
	(47, 10, 'Golden Jewels - Thrissur', 'Swaraj Round, Thrissur', 4, 31, NULL, '04872310001', NULL, 10.52000000, 76.22000000, NULL, 'Thrissur gold store.', 'active', '2026-02-19 13:46:50', NULL),
	(48, 14, 'Sunrise Bakers - Palayam', 'Palayam, Kozhikode', 3, 24, NULL, '04952314001', NULL, 11.25000000, 75.78000000, NULL, 'New Palayam bakery.', 'active', '2026-02-19 13:46:50', NULL);

-- Dumping structure for table deal_machan.subscriptions
CREATE TABLE IF NOT EXISTS `subscriptions` (
  `id` int(10) unsigned NOT NULL AUTO_INCREMENT,
  `user_id` int(10) unsigned NOT NULL,
  `user_type` enum('merchant','customer') NOT NULL,
  `plan_type` varchar(50) NOT NULL,
  `start_date` date NOT NULL,
  `expiry_date` date NOT NULL,
  `auto_renew` tinyint(1) NOT NULL DEFAULT 0,
  `status` enum('active','expired','cancelled') NOT NULL DEFAULT 'active',
  `payment_amount` decimal(10,2) DEFAULT NULL,
  `payment_method` varchar(50) DEFAULT NULL,
  `created_at` timestamp NOT NULL DEFAULT current_timestamp(),
  `updated_at` timestamp NULL DEFAULT NULL ON UPDATE current_timestamp(),
  PRIMARY KEY (`id`),
  KEY `idx_user` (`user_id`,`user_type`),
  KEY `idx_status` (`status`),
  KEY `idx_expiry_date` (`expiry_date`),
  CONSTRAINT `fk_subscriptions_user` FOREIGN KEY (`user_id`) REFERENCES `users` (`id`) ON DELETE CASCADE
) ENGINE=InnoDB AUTO_INCREMENT=50 DEFAULT CHARSET=utf8mb4 COLLATE=utf8mb4_unicode_ci;

-- Dumping data for table deal_machan.subscriptions: ~49 rows (approximately)
INSERT INTO `subscriptions` (`id`, `user_id`, `user_type`, `plan_type`, `start_date`, `expiry_date`, `auto_renew`, `status`, `payment_amount`, `payment_method`, `created_at`, `updated_at`) VALUES
	(1, 3, 'merchant', 'premium', '2025-12-30', '2026-12-30', 0, 'active', 2000.00, 'cash', '2026-02-19 13:54:31', '2026-02-19 13:54:31'),
	(2, 31, 'merchant', 'standard', '2025-04-14', '2026-04-14', 0, 'active', 1000.00, 'upi', '2026-02-19 13:54:31', '2026-02-19 13:54:31'),
	(3, 32, 'merchant', 'standard', '2025-07-09', '2026-07-09', 1, 'active', 1000.00, 'other', '2026-02-19 13:54:31', '2026-02-19 13:54:31'),
	(4, 33, 'merchant', 'premium', '2025-03-29', '2026-03-29', 0, 'active', 2000.00, 'cash', '2026-02-19 13:54:31', '2026-02-19 13:54:31'),
	(5, 34, 'merchant', 'premium', '2025-12-08', '2026-12-08', 0, 'active', 2000.00, 'other', '2026-02-19 13:54:31', '2026-02-19 13:54:31'),
	(6, 35, 'merchant', 'premium', '2025-05-26', '2026-05-26', 0, 'active', 2000.00, 'cash', '2026-02-19 13:54:31', '2026-02-19 13:54:31'),
	(7, 36, 'merchant', 'premium', '2025-10-31', '2026-10-31', 0, 'active', 2000.00, 'card', '2026-02-19 13:54:31', '2026-02-19 13:54:31'),
	(8, 37, 'merchant', 'basic', '2025-08-10', '2026-08-10', 0, 'active', 500.00, 'cash', '2026-02-19 13:54:31', '2026-02-19 13:54:31'),
	(9, 38, 'merchant', 'standard', '2025-06-10', '2026-06-10', 0, 'active', 1000.00, 'upi', '2026-02-19 13:54:31', '2026-02-19 13:54:31'),
	(10, 39, 'merchant', 'basic', '2025-06-18', '2026-06-18', 1, 'active', 500.00, 'upi', '2026-02-19 13:54:31', '2026-02-19 13:54:31'),
	(11, 40, 'merchant', 'premium', '2025-08-25', '2026-08-25', 0, 'active', 2000.00, 'upi', '2026-02-19 13:54:31', '2026-02-19 13:54:31'),
	(12, 41, 'merchant', 'premium', '2025-05-23', '2026-05-23', 0, 'active', 2000.00, 'upi', '2026-02-19 13:54:31', '2026-02-19 13:54:31'),
	(13, 42, 'merchant', 'premium', '2025-03-15', '2026-03-15', 0, 'active', 2000.00, 'upi', '2026-02-19 13:54:31', '2026-02-19 13:54:31'),
	(14, 43, 'merchant', 'premium', '2025-11-22', '2026-11-22', 0, 'active', 2000.00, 'upi', '2026-02-19 13:54:31', '2026-02-19 13:54:31'),
	(15, 44, 'merchant', 'standard', '2025-03-31', '2026-03-31', 0, 'active', 1000.00, 'wallet', '2026-02-19 13:54:31', '2026-02-19 13:54:31'),
	(16, 45, 'merchant', 'standard', '2025-04-01', '2026-04-01', 1, 'active', 1000.00, 'wallet', '2026-02-19 13:54:31', '2026-02-19 13:54:31'),
	(17, 76, 'merchant', 'standard', '2025-08-26', '2026-08-26', 1, 'active', 1000.00, 'card', '2026-02-19 13:54:31', '2026-02-19 13:54:31'),
	(18, 77, 'merchant', 'basic', '2025-08-03', '2026-08-03', 0, 'active', 500.00, 'wallet', '2026-02-19 13:54:31', '2026-02-19 13:54:31'),
	(19, 78, 'merchant', 'premium', '2025-12-30', '2026-12-30', 1, 'active', 2000.00, 'cash', '2026-02-19 13:54:31', '2026-02-19 13:54:31'),
	(20, 79, 'merchant', 'basic', '2025-11-06', '2026-11-06', 0, 'active', 500.00, 'cash', '2026-02-19 13:54:31', '2026-02-19 13:54:31'),
	(21, 80, 'merchant', 'standard', '2026-01-16', '2027-01-16', 1, 'active', 1000.00, 'cash', '2026-02-19 13:54:31', '2026-02-19 13:54:31'),
	(22, 81, 'merchant', 'standard', '2025-03-14', '2026-03-14', 1, 'active', 1000.00, 'upi', '2026-02-19 13:54:31', '2026-02-19 13:54:31'),
	(23, 82, 'merchant', 'premium', '2025-04-12', '2026-04-12', 0, 'active', 2000.00, 'upi', '2026-02-19 13:54:31', '2026-02-19 13:54:31'),
	(24, 83, 'merchant', 'premium', '2025-12-15', '2026-12-15', 0, 'active', 2000.00, 'upi', '2026-02-19 13:54:31', '2026-02-19 13:54:31'),
	(25, 84, 'merchant', 'basic', '2025-02-20', '2026-02-20', 0, 'active', 500.00, 'cash', '2026-02-19 13:54:31', '2026-02-19 13:54:31'),
	(26, 85, 'merchant', 'basic', '2025-09-11', '2026-09-11', 1, 'active', 500.00, 'other', '2026-02-19 13:54:31', '2026-02-19 13:54:31'),
	(27, 86, 'merchant', 'standard', '2025-12-14', '2026-12-14', 1, 'active', 1000.00, 'wallet', '2026-02-19 13:54:31', '2026-02-19 13:54:31'),
	(28, 87, 'merchant', 'standard', '2025-04-17', '2026-04-17', 1, 'active', 1000.00, 'wallet', '2026-02-19 13:54:31', '2026-02-19 13:54:31'),
	(29, 11, 'customer', 'annual', '2025-11-05', '2026-11-05', 1, 'active', 799.00, 'upi', '2026-02-19 13:54:31', '2026-02-19 13:54:31'),
	(30, 17, 'customer', 'annual', '2025-08-23', '2026-08-23', 1, 'active', 799.00, 'wallet', '2026-02-19 13:54:31', '2026-02-19 13:54:31'),
	(31, 25, 'customer', 'monthly', '2025-12-19', '2026-01-19', 1, 'expired', 99.00, 'other', '2026-02-19 13:54:31', '2026-02-19 13:54:31'),
	(32, 50, 'customer', 'annual', '2026-02-03', '2027-02-03', 1, 'active', 799.00, 'wallet', '2026-02-19 13:54:31', '2026-02-19 13:54:31'),
	(33, 74, 'customer', 'annual', '2026-01-06', '2027-01-06', 1, 'active', 799.00, 'cash', '2026-02-19 13:54:31', '2026-02-19 13:54:31'),
	(34, 30, 'customer', 'quarterly', '2025-12-05', '2026-03-05', 1, 'active', 249.00, 'other', '2026-02-19 13:54:31', '2026-02-19 13:54:31'),
	(35, 29, 'customer', 'monthly', '2025-08-24', '2025-09-24', 1, 'expired', 99.00, 'other', '2026-02-19 13:54:31', '2026-02-19 13:54:31'),
	(36, 28, 'customer', 'annual', '2025-08-23', '2026-08-23', 1, 'active', 799.00, 'cash', '2026-02-19 13:54:31', '2026-02-19 13:54:31'),
	(37, 27, 'customer', 'monthly', '2025-11-17', '2025-12-17', 1, 'expired', 99.00, 'cash', '2026-02-19 13:54:31', '2026-02-19 13:54:31'),
	(38, 26, 'customer', 'quarterly', '2025-12-23', '2026-03-23', 1, 'active', 249.00, 'card', '2026-02-19 13:54:31', '2026-02-19 13:54:31'),
	(39, 25, 'customer', 'annual', '2025-12-08', '2026-12-08', 1, 'active', 799.00, 'wallet', '2026-02-19 13:54:31', '2026-02-19 13:54:31'),
	(40, 24, 'customer', 'monthly', '2026-01-08', '2026-02-08', 1, 'expired', 99.00, 'cash', '2026-02-19 13:54:31', '2026-02-19 13:54:31'),
	(41, 23, 'customer', 'monthly', '2025-12-20', '2026-01-20', 1, 'expired', 99.00, 'other', '2026-02-19 13:54:31', '2026-02-19 13:54:31'),
	(42, 22, 'customer', 'monthly', '2025-11-01', '2025-12-01', 1, 'expired', 99.00, 'wallet', '2026-02-19 13:54:31', '2026-02-19 13:54:31'),
	(43, 21, 'customer', 'quarterly', '2025-10-19', '2026-01-19', 1, 'expired', 249.00, 'cash', '2026-02-19 13:54:31', '2026-02-19 13:54:31'),
	(44, 20, 'customer', 'annual', '2025-09-15', '2026-09-15', 1, 'active', 799.00, 'wallet', '2026-02-19 13:54:31', '2026-02-19 13:54:31'),
	(45, 19, 'customer', 'annual', '2025-10-22', '2026-10-22', 1, 'active', 799.00, 'other', '2026-02-19 13:54:31', '2026-02-19 13:54:31'),
	(46, 18, 'customer', 'monthly', '2025-12-18', '2026-01-18', 1, 'expired', 99.00, 'upi', '2026-02-19 13:54:31', '2026-02-19 13:54:31'),
	(47, 15, 'customer', 'quarterly', '2025-12-21', '2026-03-21', 1, 'active', 249.00, 'card', '2026-02-19 13:54:31', '2026-02-19 13:54:31'),
	(48, 14, 'customer', 'annual', '2025-09-13', '2026-09-13', 1, 'active', 799.00, 'wallet', '2026-02-19 13:54:31', '2026-02-19 13:54:31'),
	(49, 13, 'customer', 'quarterly', '2025-11-13', '2026-02-13', 1, 'expired', 249.00, 'other', '2026-02-19 13:54:31', '2026-02-19 13:54:31');

-- Dumping structure for table deal_machan.survey_responses
CREATE TABLE IF NOT EXISTS `survey_responses` (
  `id` int(10) unsigned NOT NULL AUTO_INCREMENT,
  `survey_id` int(10) unsigned NOT NULL,
  `customer_id` int(10) unsigned NOT NULL,
  `responses_json` longtext CHARACTER SET utf8mb4 COLLATE utf8mb4_bin NOT NULL CHECK (json_valid(`responses_json`)),
  `submitted_at` timestamp NOT NULL DEFAULT current_timestamp(),
  PRIMARY KEY (`id`),
  UNIQUE KEY `uk_survey_customer` (`survey_id`,`customer_id`),
  KEY `idx_survey_id` (`survey_id`),
  KEY `idx_customer_id` (`customer_id`),
  CONSTRAINT `fk_survey_responses_customer` FOREIGN KEY (`customer_id`) REFERENCES `customers` (`id`) ON DELETE CASCADE,
  CONSTRAINT `fk_survey_responses_survey` FOREIGN KEY (`survey_id`) REFERENCES `surveys` (`id`) ON DELETE CASCADE
) ENGINE=InnoDB AUTO_INCREMENT=14 DEFAULT CHARSET=utf8mb4 COLLATE=utf8mb4_unicode_ci;

-- Dumping data for table deal_machan.survey_responses: ~13 rows (approximately)
INSERT INTO `survey_responses` (`id`, `survey_id`, `customer_id`, `responses_json`, `submitted_at`) VALUES
	(1, 1, 1, '{"1":5,"2":"Weekly","3":["Coupons","Cards"],"4":""}', '2026-02-18 10:42:12'),
	(2, 1, 11, '{"1":4,"2":"Daily","3":["Coupons"],"4":"Would love more restaurant deals"}', '2026-02-15 10:42:12'),
	(3, 1, 12, '{"1":5,"2":"Weekly","3":["Deals","Cards"],"4":"App is great, keep it up!"}', '2026-02-12 10:42:12'),
	(4, 1, 13, '{"1":3,"2":"Monthly","3":["Coupons"],"4":"More merchants in my area please"}', '2026-02-09 10:42:12'),
	(5, 1, 14, '{"1":4,"2":"Weekly","3":["Coupons","Deals"],"4":""}', '2026-02-06 10:42:12'),
	(6, 1, 15, '{"1":5,"2":"Daily","3":["Cards","Deals"],"4":"Love the card system"}', '2026-02-03 10:42:12'),
	(7, 1, 16, '{"1":2,"2":"Rarely","3":["Coupons"],"4":"Hard to find relevant deals"}', '2026-01-31 10:42:12'),
	(8, 1, 17, '{"1":4,"2":"Weekly","3":["Mystery Shopping"],"4":"Mystery shopping is fun!"}', '2026-01-28 10:42:12'),
	(9, 2, 1, '{"1":"Excellent","2":5,"3":"Loyalty tiers","4":"Over 1 year"}', '2025-11-21 10:42:12'),
	(10, 2, 11, '{"1":"Good","2":4,"3":"Bulk discount setup","4":"6-12 months"}', '2025-11-16 10:42:12'),
	(11, 2, 12, '{"1":"Good","2":3,"3":"Better analytics","4":"3-6 months"}', '2025-11-11 10:42:12'),
	(12, 2, 13, '{"1":"Average","2":3,"3":"Mobile app","4":"Less than 3 months"}', '2025-11-06 10:42:12'),
	(13, 2, 14, '{"1":"Excellent","2":5,"3":"Nothing, all good","4":"Over 1 year"}', '2025-11-01 10:42:12');

-- Dumping structure for table deal_machan.surveys
CREATE TABLE IF NOT EXISTS `surveys` (
  `id` int(10) unsigned NOT NULL AUTO_INCREMENT,
  `title` varchar(255) NOT NULL,
  `description` text DEFAULT NULL,
  `questions_json` longtext CHARACTER SET utf8mb4 COLLATE utf8mb4_bin NOT NULL CHECK (json_valid(`questions_json`)),
  `status` enum('draft','active','closed') NOT NULL DEFAULT 'draft',
  `created_by_admin_id` int(10) unsigned NOT NULL,
  `active_from` timestamp NULL DEFAULT NULL,
  `active_until` timestamp NULL DEFAULT NULL,
  `created_at` timestamp NOT NULL DEFAULT current_timestamp(),
  `updated_at` timestamp NULL DEFAULT NULL ON UPDATE current_timestamp(),
  PRIMARY KEY (`id`),
  KEY `idx_status` (`status`),
  KEY `idx_created_by` (`created_by_admin_id`),
  KEY `idx_active_dates` (`active_from`,`active_until`),
  CONSTRAINT `fk_surveys_admin` FOREIGN KEY (`created_by_admin_id`) REFERENCES `admins` (`id`) ON DELETE CASCADE
) ENGINE=InnoDB AUTO_INCREMENT=4 DEFAULT CHARSET=utf8mb4 COLLATE=utf8mb4_unicode_ci;

-- Dumping data for table deal_machan.surveys: ~3 rows (approximately)
INSERT INTO `surveys` (`id`, `title`, `description`, `questions_json`, `status`, `created_by_admin_id`, `active_from`, `active_until`, `created_at`, `updated_at`) VALUES
	(1, 'Customer Satisfaction Q1 2026', 'Tell us about your experience with Deal Machan during Jan-Mar 2026.', '[{"id":1,"type":"rating","question":"How satisfied are you with Deal Machan overall?","required":true,"scale":5},{"id":2,"type":"radio","question":"How often do you use Deal Machan coupons?","required":true,"options":["Daily","Weekly","Monthly","Rarely"]},{"id":3,"type":"checkbox","question":"Which features do you use most?","required":false,"options":["Coupons","Cards","Deals","Mystery Shopping"]},{"id":4,"type":"textarea","question":"Any suggestions for improvement?","required":false}]', 'active', 1, '2025-12-31 18:30:00', '2026-03-31 18:29:59', '2026-02-19 15:12:12', NULL),
	(2, 'Merchant Partner Feedback', 'We value feedback from our merchant partners to improve our platform.', '[{"id":1,"type":"radio","question":"How would you rate our admin support?","required":true,"options":["Excellent","Good","Average","Poor"]},{"id":2,"type":"rating","question":"Rate the ease of using Deal Machan merchant portal","required":true,"scale":5},{"id":3,"type":"text","question":"Which feature would you like us to add?","required":false},{"id":4,"type":"select","question":"How long have you been a Deal Machan partner?","required":true,"options":["Less than 3 months","3-6 months","6-12 months","Over 1 year"]}]', 'closed', 2, '2025-09-30 18:30:00', '2025-12-31 18:29:59', '2026-02-19 15:12:12', NULL),
	(3, 'Deal Maker Performance Survey', 'Quick feedback form for our Deal Maker program.', '[{"id":1,"type":"rating","question":"How well does the Deal Maker program support you?","required":true,"scale":10},{"id":2,"type":"radio","question":"Are task rewards competitive?","required":true,"options":["Yes, very competitive","Somewhat","Below market","No opinion"]},{"id":3,"type":"textarea","question":"Describe a challenge you faced as a Deal Maker","required":false}]', 'draft', 1, NULL, NULL, '2026-02-19 15:12:12', NULL);

-- Dumping structure for table deal_machan.tags
CREATE TABLE IF NOT EXISTS `tags` (
  `id` int(10) unsigned NOT NULL AUTO_INCREMENT,
  `tag_name` varchar(100) NOT NULL,
  `tag_category` enum('category','subcategory','filter') NOT NULL DEFAULT 'category',
  `parent_tag_id` int(10) unsigned DEFAULT NULL,
  `status` enum('active','inactive') NOT NULL DEFAULT 'active',
  `created_at` timestamp NOT NULL DEFAULT current_timestamp(),
  `updated_at` timestamp NULL DEFAULT NULL ON UPDATE current_timestamp(),
  PRIMARY KEY (`id`),
  KEY `idx_parent_tag` (`parent_tag_id`),
  KEY `idx_tag_category` (`tag_category`),
  KEY `idx_tag_status` (`status`),
  CONSTRAINT `fk_tags_parent` FOREIGN KEY (`parent_tag_id`) REFERENCES `tags` (`id`) ON DELETE SET NULL
) ENGINE=InnoDB AUTO_INCREMENT=30 DEFAULT CHARSET=utf8mb4 COLLATE=utf8mb4_unicode_ci;

-- Dumping data for table deal_machan.tags: ~29 rows (approximately)
INSERT INTO `tags` (`id`, `tag_name`, `tag_category`, `parent_tag_id`, `status`, `created_at`, `updated_at`) VALUES
	(1, 'Food & Dining', 'category', NULL, 'active', '2025-10-22 10:06:11', NULL),
	(2, 'Shopping', 'category', NULL, 'active', '2025-10-22 10:06:11', NULL),
	(3, 'Health & Wellness', 'category', NULL, 'active', '2025-10-22 10:06:11', NULL),
	(4, 'Entertainment', 'category', NULL, 'active', '2025-10-22 10:06:11', NULL),
	(5, 'Travel & Tourism', 'category', NULL, 'active', '2025-10-22 10:06:11', NULL),
	(6, 'Services', 'category', NULL, 'active', '2025-10-22 10:06:11', NULL),
	(7, 'Education', 'category', NULL, 'active', '2025-10-22 10:06:11', NULL),
	(8, 'Beauty & Spa', 'category', NULL, 'active', '2025-10-22 10:06:11', NULL),
	(9, 'Restaurants', 'subcategory', 1, 'active', '2025-10-22 10:06:11', NULL),
	(10, 'Cafes', 'subcategory', 1, 'active', '2025-10-22 10:06:11', NULL),
	(11, 'Fast Food', 'subcategory', 1, 'active', '2025-10-22 10:06:11', NULL),
	(12, 'Bakery', 'subcategory', 1, 'active', '2025-10-22 10:06:11', NULL),
	(13, 'Fine Dining', 'subcategory', 1, 'active', '2025-10-22 10:06:11', NULL),
	(14, 'Street Food', 'subcategory', 1, 'active', '2025-10-22 10:06:11', NULL),
	(15, 'Fashion & Apparel', 'subcategory', 2, 'active', '2025-10-22 10:06:11', NULL),
	(16, 'Electronics', 'subcategory', 2, 'active', '2025-10-22 10:06:11', NULL),
	(17, 'Home & Decor', 'subcategory', 2, 'active', '2025-10-22 10:06:11', NULL),
	(18, 'Grocery', 'subcategory', 2, 'active', '2025-10-22 10:06:11', NULL),
	(19, 'Books & Stationery', 'subcategory', 2, 'active', '2025-10-22 10:06:11', NULL),
	(20, 'Movies', 'subcategory', 4, 'active', '2025-10-22 10:06:11', NULL),
	(21, 'Gaming', 'subcategory', 4, 'active', '2025-10-22 10:06:11', NULL),
	(22, 'Events', 'subcategory', 4, 'active', '2025-10-22 10:06:11', NULL),
	(23, 'Amusement Parks', 'subcategory', 4, 'active', '2025-10-22 10:06:11', NULL),
	(24, 'Budget Friendly', 'filter', NULL, 'active', '2025-10-22 10:06:11', NULL),
	(25, 'Family Friendly', 'filter', NULL, 'active', '2025-10-22 10:06:11', NULL),
	(26, 'Luxury', 'filter', NULL, 'active', '2025-10-22 10:06:11', NULL),
	(27, 'Quick Service', 'filter', NULL, 'active', '2025-10-22 10:06:11', NULL),
	(28, 'Home Delivery', 'filter', NULL, 'active', '2025-10-22 10:06:11', NULL),
	(29, 'Outdoor Seating', 'filter', NULL, 'active', '2025-10-22 10:06:11', NULL);

-- Dumping structure for table deal_machan.users
CREATE TABLE IF NOT EXISTS `users` (
  `id` int(10) unsigned NOT NULL AUTO_INCREMENT,
  `email` varchar(255) DEFAULT NULL,
  `phone` varchar(20) DEFAULT NULL,
  `password_hash` varchar(255) NOT NULL,
  `user_type` enum('admin','merchant','customer') NOT NULL,
  `status` enum('active','inactive','blocked','pending') NOT NULL DEFAULT 'active',
  `otp_code` varchar(10) DEFAULT NULL,
  `otp_expiry` timestamp NULL DEFAULT NULL,
  `last_login` timestamp NULL DEFAULT NULL,
  `created_at` timestamp NOT NULL DEFAULT current_timestamp(),
  `updated_at` timestamp NULL DEFAULT NULL ON UPDATE current_timestamp(),
  PRIMARY KEY (`id`),
  UNIQUE KEY `uk_email` (`email`),
  UNIQUE KEY `uk_phone` (`phone`),
  KEY `idx_user_type` (`user_type`),
  KEY `idx_status` (`status`)
) ENGINE=InnoDB AUTO_INCREMENT=88 DEFAULT CHARSET=utf8mb4 COLLATE=utf8mb4_unicode_ci;

-- Dumping data for table deal_machan.users: ~87 rows (approximately)
INSERT INTO `users` (`id`, `email`, `phone`, `password_hash`, `user_type`, `status`, `otp_code`, `otp_expiry`, `last_login`, `created_at`, `updated_at`) VALUES
	(1, 'admin@dealmachan.com', '9999999999', '$2y$10$qJNuJFXJqot86pOK37iijeb0SUTFXxyUzStvNAj..pa.Cayx1ZeFO', 'admin', 'active', NULL, NULL, '2026-02-20 03:50:28', '2025-10-22 10:06:11', '2026-02-19 23:49:48'),
	(2, 'customer@test.com', '9876543210', '$2y$10$92IXUNpkjO0rOQ5byMi.Ye4oKoEa3Ro9llC/.og/at2.uheWG/igi', 'customer', 'active', NULL, NULL, NULL, '2025-10-22 10:06:11', NULL),
	(3, 'merchant@test.com', '9876543211', '$2y$10$92IXUNpkjO0rOQ5byMi.Ye4oKoEa3Ro9llC/.og/at2.uheWG/igi', 'merchant', 'active', NULL, NULL, NULL, '2025-10-22 10:06:11', NULL),
	(4, 'city.kochi@dealmachan.com', '+91-9876543001', '$2y$10$Bi6W4ufe7vrtvOBNV8DWWeENlP98WUqorlP1fJVi5gHmgxU6AcFOm', 'admin', 'active', NULL, NULL, NULL, '2026-02-19 10:58:20', NULL),
	(5, 'city.kozhikode@dealmachan.com', '+91-9876543002', '$2y$10$Bi6W4ufe7vrtvOBNV8DWWeENlP98WUqorlP1fJVi5gHmgxU6AcFOm', 'admin', 'active', NULL, NULL, NULL, '2026-02-19 10:58:20', NULL),
	(6, 'sales.kochi@dealmachan.com', '+91-9876543003', '$2y$10$Bi6W4ufe7vrtvOBNV8DWWeENlP98WUqorlP1fJVi5gHmgxU6AcFOm', 'admin', 'active', NULL, NULL, NULL, '2026-02-19 10:58:20', NULL),
	(7, 'sales.thrissur@dealmachan.com', '+91-9876543004', '$2y$10$Bi6W4ufe7vrtvOBNV8DWWeENlP98WUqorlP1fJVi5gHmgxU6AcFOm', 'admin', 'inactive', NULL, NULL, NULL, '2026-02-19 10:58:20', NULL),
	(8, 'promoter@dealmachan.com', '+91-9876543005', '$2y$10$Bi6W4ufe7vrtvOBNV8DWWeENlP98WUqorlP1fJVi5gHmgxU6AcFOm', 'admin', 'active', NULL, NULL, NULL, '2026-02-19 10:58:20', NULL),
	(9, 'partner@dealmachan.com', '+91-9876543006', '$2y$10$Bi6W4ufe7vrtvOBNV8DWWeENlP98WUqorlP1fJVi5gHmgxU6AcFOm', 'admin', 'active', NULL, NULL, NULL, '2026-02-19 10:58:20', NULL),
	(10, 'club@dealmachan.com', '+91-9876543007', '$2y$10$Bi6W4ufe7vrtvOBNV8DWWeENlP98WUqorlP1fJVi5gHmgxU6AcFOm', 'admin', 'active', NULL, NULL, NULL, '2026-02-19 10:58:20', NULL),
	(11, 'arjun.nair@gmail.com', '9847001001', '$2y$10$vQZ3oUV8.gWZ8PLqU4nP5eTArk4eIwziTG8Uvf9mMPzZwLGVRNhqS', 'customer', 'active', NULL, NULL, NULL, '2025-11-01 03:45:00', NULL),
	(12, 'priya.menon@gmail.com', '9847001002', '$2y$10$vQZ3oUV8.gWZ8PLqU4nP5eTArk4eIwziTG8Uvf9mMPzZwLGVRNhqS', 'customer', 'active', NULL, NULL, NULL, '2025-11-03 05:00:00', NULL),
	(13, 'rahul.krishna@yahoo.com', '9847001003', '$2y$10$vQZ3oUV8.gWZ8PLqU4nP5eTArk4eIwziTG8Uvf9mMPzZwLGVRNhqS', 'customer', 'active', NULL, NULL, NULL, '2025-11-05 05:30:00', NULL),
	(14, 'divya.thomas@gmail.com', '9847001004', '$2y$10$vQZ3oUV8.gWZ8PLqU4nP5eTArk4eIwziTG8Uvf9mMPzZwLGVRNhqS', 'customer', 'active', NULL, NULL, NULL, '2025-11-08 08:50:00', NULL),
	(15, 'arun.pillai@hotmail.com', '9847001005', '$2y$10$vQZ3oUV8.gWZ8PLqU4nP5eTArk4eIwziTG8Uvf9mMPzZwLGVRNhqS', 'customer', 'active', NULL, NULL, NULL, '2025-11-10 04:15:00', NULL),
	(16, 'sreelakshmi.r@gmail.com', '9847001006', '$2y$10$vQZ3oUV8.gWZ8PLqU4nP5eTArk4eIwziTG8Uvf9mMPzZwLGVRNhqS', 'customer', 'active', NULL, NULL, NULL, '2025-11-12 10:40:00', NULL),
	(17, 'vishnu.kumar@gmail.com', '9847001007', '$2y$10$vQZ3oUV8.gWZ8PLqU4nP5eTArk4eIwziTG8Uvf9mMPzZwLGVRNhqS', 'customer', 'active', NULL, NULL, NULL, '2025-11-15 03:00:00', NULL),
	(18, 'anjali.dev@gmail.com', '9847001008', '$2y$10$vQZ3oUV8.gWZ8PLqU4nP5eTArk4eIwziTG8Uvf9mMPzZwLGVRNhqS', 'customer', 'blocked', NULL, NULL, NULL, '2025-11-18 06:30:00', NULL),
	(19, 'santhosh.george@yahoo.com', '9847001009', '$2y$10$vQZ3oUV8.gWZ8PLqU4nP5eTArk4eIwziTG8Uvf9mMPzZwLGVRNhqS', 'customer', 'active', NULL, NULL, NULL, '2025-11-20 10:15:00', NULL),
	(20, 'meera.vijayan@gmail.com', '9847001010', '$2y$10$vQZ3oUV8.gWZ8PLqU4nP5eTArk4eIwziTG8Uvf9mMPzZwLGVRNhqS', 'customer', 'active', NULL, NULL, NULL, '2025-11-22 04:30:00', NULL),
	(21, 'suresh.babu@gmail.com', '9847001011', '$2y$10$vQZ3oUV8.gWZ8PLqU4nP5eTArk4eIwziTG8Uvf9mMPzZwLGVRNhqS', 'customer', 'active', NULL, NULL, NULL, '2025-11-25 03:45:00', NULL),
	(22, 'deepa.nambiar@gmail.com', '9847001012', '$2y$10$vQZ3oUV8.gWZ8PLqU4nP5eTArk4eIwziTG8Uvf9mMPzZwLGVRNhqS', 'customer', 'active', NULL, NULL, NULL, '2025-11-28 08:30:00', NULL),
	(23, 'rajan.mv@gmail.com', '9847001013', '$2y$10$vQZ3oUV8.gWZ8PLqU4nP5eTArk4eIwziTG8Uvf9mMPzZwLGVRNhqS', 'customer', 'inactive', NULL, NULL, NULL, '2025-12-01 06:00:00', NULL),
	(24, 'kavya.suresh@gmail.com', '9847001014', '$2y$10$vQZ3oUV8.gWZ8PLqU4nP5eTArk4eIwziTG8Uvf9mMPzZwLGVRNhqS', 'customer', 'active', NULL, NULL, NULL, '2025-12-03 02:30:00', NULL),
	(25, 'nikhil.jose@gmail.com', '9847001015', '$2y$10$vQZ3oUV8.gWZ8PLqU4nP5eTArk4eIwziTG8Uvf9mMPzZwLGVRNhqS', 'customer', 'active', NULL, NULL, NULL, '2025-12-05 11:50:00', NULL),
	(26, 'reshma.pk@gmail.com', '9847001016', '$2y$10$vQZ3oUV8.gWZ8PLqU4nP5eTArk4eIwziTG8Uvf9mMPzZwLGVRNhqS', 'customer', 'active', NULL, NULL, NULL, '2025-12-08 04:40:00', NULL),
	(27, 'biju.mathew@gmail.com', '9847001017', '$2y$10$vQZ3oUV8.gWZ8PLqU4nP5eTArk4eIwziTG8Uvf9mMPzZwLGVRNhqS', 'customer', 'active', NULL, NULL, NULL, '2025-12-10 08:15:00', NULL),
	(28, 'sindhu.raj@yahoo.com', '9847001018', '$2y$10$vQZ3oUV8.gWZ8PLqU4nP5eTArk4eIwziTG8Uvf9mMPzZwLGVRNhqS', 'customer', 'active', NULL, NULL, NULL, '2025-12-12 04:00:00', NULL),
	(29, 'anil.chandran@gmail.com', '9847001019', '$2y$10$vQZ3oUV8.gWZ8PLqU4nP5eTArk4eIwziTG8Uvf9mMPzZwLGVRNhqS', 'customer', 'active', NULL, NULL, NULL, '2025-12-15 05:30:00', NULL),
	(30, 'lekha.pillai@gmail.com', '9847001020', '$2y$10$vQZ3oUV8.gWZ8PLqU4nP5eTArk4eIwziTG8Uvf9mMPzZwLGVRNhqS', 'customer', 'active', NULL, NULL, NULL, '2025-12-18 09:00:00', NULL),
	(31, 'spice.garden@kochi.com', '9400100031', '$2y$10$92IXUNpkjO0rOQ5byMi.Ye4oKoEa3Ro9llC/.og/at2.uheWG/igi', 'merchant', 'active', NULL, NULL, NULL, '2025-08-01 03:30:00', NULL),
	(32, 'royal.textiles@tvm.com', '9400100032', '$2y$10$92IXUNpkjO0rOQ5byMi.Ye4oKoEa3Ro9llC/.og/at2.uheWG/igi', 'merchant', 'active', NULL, NULL, NULL, '2025-08-05 05:00:00', NULL),
	(33, 'kerala.sweets@kozhikode.com', '9400100033', '$2y$10$92IXUNpkjO0rOQ5byMi.Ye4oKoEa3Ro9llC/.og/at2.uheWG/igi', 'merchant', 'active', NULL, NULL, NULL, '2025-08-10 05:30:00', NULL),
	(34, 'fitness.zone@kochi.com', '9400100034', '$2y$10$92IXUNpkjO0rOQ5byMi.Ye4oKoEa3Ro9llC/.og/at2.uheWG/igi', 'merchant', 'active', NULL, NULL, NULL, '2025-08-15 04:15:00', NULL),
	(35, 'medplus.pharmacy@tvm.com', '9400100035', '$2y$10$92IXUNpkjO0rOQ5byMi.Ye4oKoEa3Ro9llC/.og/at2.uheWG/igi', 'merchant', 'active', NULL, NULL, NULL, '2025-08-20 08:30:00', NULL),
	(36, 'cafe.mocha@kochi.com', '9400100036', '$2y$10$92IXUNpkjO0rOQ5byMi.Ye4oKoEa3Ro9llC/.og/at2.uheWG/igi', 'merchant', 'active', NULL, NULL, NULL, '2025-09-01 03:00:00', NULL),
	(37, 'star.electronics@tvm.com', '9400100037', '$2y$10$92IXUNpkjO0rOQ5byMi.Ye4oKoEa3Ro9llC/.og/at2.uheWG/igi', 'merchant', 'blocked', NULL, NULL, NULL, '2025-09-05 04:30:00', NULL),
	(38, 'malabar.biriyani@kozhikode.com', '9400100038', '$2y$10$92IXUNpkjO0rOQ5byMi.Ye4oKoEa3Ro9llC/.og/at2.uheWG/igi', 'merchant', 'active', NULL, NULL, NULL, '2025-09-10 06:30:00', NULL),
	(39, 'golden.jewels@kochi.com', '9400100039', '$2y$10$92IXUNpkjO0rOQ5byMi.Ye4oKoEa3Ro9llC/.og/at2.uheWG/igi', 'merchant', 'active', NULL, NULL, NULL, '2025-09-15 03:45:00', NULL),
	(40, 'ayur.wellness@tvm.com', '9400100040', '$2y$10$92IXUNpkjO0rOQ5byMi.Ye4oKoEa3Ro9llC/.og/at2.uheWG/igi', 'merchant', 'active', NULL, NULL, NULL, '2025-09-20 06:00:00', NULL),
	(41, 'surf.salon@kochi.com', '9400100041', '$2y$10$92IXUNpkjO0rOQ5byMi.Ye4oKoEa3Ro9llC/.og/at2.uheWG/igi', 'merchant', 'active', NULL, NULL, NULL, '2025-10-01 04:30:00', NULL),
	(42, 'paradise.resort@alleppey.com', '9400100042', '$2y$10$92IXUNpkjO0rOQ5byMi.Ye4oKoEa3Ro9llC/.og/at2.uheWG/igi', 'merchant', 'active', NULL, NULL, NULL, '2025-10-05 03:30:00', NULL),
	(43, 'sunrise.bakery@kozhikode.com', '9400100043', '$2y$10$92IXUNpkjO0rOQ5byMi.Ye4oKoEa3Ro9llC/.og/at2.uheWG/igi', 'merchant', 'active', NULL, NULL, NULL, '2025-10-10 02:30:00', NULL),
	(44, 'techmart.mobiles@kochi.com', '9400100044', '$2y$10$92IXUNpkjO0rOQ5byMi.Ye4oKoEa3Ro9llC/.og/at2.uheWG/igi', 'merchant', 'active', NULL, NULL, NULL, '2025-10-15 04:00:00', NULL),
	(45, 'kerala.books@tvm.com', '9400100045', '$2y$10$92IXUNpkjO0rOQ5byMi.Ye4oKoEa3Ro9llC/.og/at2.uheWG/igi', 'merchant', 'inactive', NULL, NULL, NULL, '2025-10-18 05:30:00', NULL),
	(46, 'aditya.varma@gmail.com', '9847002001', '$2y$10$S4iCcC08TPoS4JvpdBtkrO1x9RuvofIfOew1RsNgUKrRH0MpEjbee', 'customer', 'active', NULL, NULL, NULL, '2025-12-23 23:28:36', '2025-12-23 23:28:36'),
	(47, 'sreeja.krishnan@gmail.com', '9847002002', '$2y$10$S4iCcC08TPoS4JvpdBtkrO1x9RuvofIfOew1RsNgUKrRH0MpEjbee', 'customer', 'active', NULL, NULL, NULL, '2026-01-22 23:28:36', '2026-01-22 23:28:36'),
	(48, 'manoj.menon@yahoo.com', '9847002003', '$2y$10$S4iCcC08TPoS4JvpdBtkrO1x9RuvofIfOew1RsNgUKrRH0MpEjbee', 'customer', 'active', NULL, NULL, NULL, '2025-12-10 23:28:36', '2025-12-10 23:28:36'),
	(49, 'sunitha.das@gmail.com', '9847002004', '$2y$10$S4iCcC08TPoS4JvpdBtkrO1x9RuvofIfOew1RsNgUKrRH0MpEjbee', 'customer', 'active', NULL, NULL, NULL, '2025-11-28 23:28:36', '2025-11-28 23:28:36'),
	(50, 'rahul.raj@hotmail.com', '9847002005', '$2y$10$S4iCcC08TPoS4JvpdBtkrO1x9RuvofIfOew1RsNgUKrRH0MpEjbee', 'customer', 'active', NULL, NULL, NULL, '2025-12-28 23:28:36', '2025-12-28 23:28:36'),
	(51, 'anitha.suresh@gmail.com', '9847002006', '$2y$10$S4iCcC08TPoS4JvpdBtkrO1x9RuvofIfOew1RsNgUKrRH0MpEjbee', 'customer', 'active', NULL, NULL, NULL, '2026-01-08 23:28:36', '2026-01-08 23:28:36'),
	(52, 'vivek.nair@gmail.com', '9847002007', '$2y$10$S4iCcC08TPoS4JvpdBtkrO1x9RuvofIfOew1RsNgUKrRH0MpEjbee', 'customer', 'active', NULL, NULL, NULL, '2026-02-10 23:28:36', '2026-02-10 23:28:36'),
	(53, 'kavitha.pillai@gmail.com', '9847002008', '$2y$10$S4iCcC08TPoS4JvpdBtkrO1x9RuvofIfOew1RsNgUKrRH0MpEjbee', 'customer', 'active', NULL, NULL, NULL, '2025-12-16 23:28:36', '2025-12-16 23:28:36'),
	(54, 'sreekanth.r@gmail.com', '9847002009', '$2y$10$S4iCcC08TPoS4JvpdBtkrO1x9RuvofIfOew1RsNgUKrRH0MpEjbee', 'customer', 'active', NULL, NULL, NULL, '2025-11-29 23:28:36', '2025-11-29 23:28:36'),
	(55, 'meenu.thomas@yahoo.com', '9847002010', '$2y$10$S4iCcC08TPoS4JvpdBtkrO1x9RuvofIfOew1RsNgUKrRH0MpEjbee', 'customer', 'active', NULL, NULL, NULL, '2025-12-27 23:28:36', '2025-12-27 23:28:36'),
	(56, 'pranav.kb@gmail.com', '9847002011', '$2y$10$S4iCcC08TPoS4JvpdBtkrO1x9RuvofIfOew1RsNgUKrRH0MpEjbee', 'customer', 'active', NULL, NULL, NULL, '2026-01-27 23:28:36', '2026-01-27 23:28:36'),
	(57, 'lakshmi.nair@gmail.com', '9847002012', '$2y$10$S4iCcC08TPoS4JvpdBtkrO1x9RuvofIfOew1RsNgUKrRH0MpEjbee', 'customer', 'active', NULL, NULL, NULL, '2025-12-08 23:28:36', '2025-12-08 23:28:36'),
	(58, 'jithin.george@gmail.com', '9847002013', '$2y$10$S4iCcC08TPoS4JvpdBtkrO1x9RuvofIfOew1RsNgUKrRH0MpEjbee', 'customer', 'active', NULL, NULL, NULL, '2025-12-12 23:28:36', '2025-12-12 23:28:36'),
	(59, 'aparna.vijayan@gmail.com', '9847002014', '$2y$10$S4iCcC08TPoS4JvpdBtkrO1x9RuvofIfOew1RsNgUKrRH0MpEjbee', 'customer', 'active', NULL, NULL, NULL, '2026-01-07 23:28:36', '2026-01-07 23:28:36'),
	(60, 'baiju.mv@hotmail.com', '9847002015', '$2y$10$S4iCcC08TPoS4JvpdBtkrO1x9RuvofIfOew1RsNgUKrRH0MpEjbee', 'customer', 'active', NULL, NULL, NULL, '2025-12-26 23:28:36', '2025-12-26 23:28:36'),
	(61, 'nisha.chandran@gmail.com', '9847002016', '$2y$10$S4iCcC08TPoS4JvpdBtkrO1x9RuvofIfOew1RsNgUKrRH0MpEjbee', 'customer', 'active', NULL, NULL, NULL, '2026-01-28 23:28:36', '2026-01-28 23:28:36'),
	(62, 'shyam.kumar@gmail.com', '9847002017', '$2y$10$S4iCcC08TPoS4JvpdBtkrO1x9RuvofIfOew1RsNgUKrRH0MpEjbee', 'customer', 'active', NULL, NULL, NULL, '2025-11-23 23:28:36', '2025-11-23 23:28:36'),
	(63, 'deepthi.raj@gmail.com', '9847002018', '$2y$10$S4iCcC08TPoS4JvpdBtkrO1x9RuvofIfOew1RsNgUKrRH0MpEjbee', 'customer', 'active', NULL, NULL, NULL, '2026-01-14 23:28:36', '2026-01-14 23:28:36'),
	(64, 'subin.alex@yahoo.com', '9847002019', '$2y$10$S4iCcC08TPoS4JvpdBtkrO1x9RuvofIfOew1RsNgUKrRH0MpEjbee', 'customer', 'active', NULL, NULL, NULL, '2025-11-27 23:28:36', '2025-11-27 23:28:36'),
	(65, 'reshmi.pk2@gmail.com', '9847002020', '$2y$10$S4iCcC08TPoS4JvpdBtkrO1x9RuvofIfOew1RsNgUKrRH0MpEjbee', 'customer', 'active', NULL, NULL, NULL, '2026-01-10 23:28:36', '2026-01-10 23:28:36'),
	(66, 'akhil.james@gmail.com', '9847002021', '$2y$10$S4iCcC08TPoS4JvpdBtkrO1x9RuvofIfOew1RsNgUKrRH0MpEjbee', 'customer', 'active', NULL, NULL, NULL, '2025-11-30 23:28:36', '2025-11-30 23:28:36'),
	(67, 'sindhu.mohan@gmail.com', '9847002022', '$2y$10$S4iCcC08TPoS4JvpdBtkrO1x9RuvofIfOew1RsNgUKrRH0MpEjbee', 'customer', 'active', NULL, NULL, NULL, '2025-12-13 23:28:36', '2025-12-13 23:28:36'),
	(68, 'vishwas.sharma@gmail.com', '9847002023', '$2y$10$S4iCcC08TPoS4JvpdBtkrO1x9RuvofIfOew1RsNgUKrRH0MpEjbee', 'customer', 'active', NULL, NULL, NULL, '2025-12-27 23:28:36', '2025-12-27 23:28:36'),
	(69, 'preethi.balan@gmail.com', '9847002024', '$2y$10$S4iCcC08TPoS4JvpdBtkrO1x9RuvofIfOew1RsNgUKrRH0MpEjbee', 'customer', 'active', NULL, NULL, NULL, '2026-01-20 23:28:36', '2026-01-20 23:28:36'),
	(70, 'robin.thomas@hotmail.com', '9847002025', '$2y$10$S4iCcC08TPoS4JvpdBtkrO1x9RuvofIfOew1RsNgUKrRH0MpEjbee', 'customer', 'active', NULL, NULL, NULL, '2025-12-13 23:28:36', '2025-12-13 23:28:36'),
	(71, 'anjana.suresh@gmail.com', '9847002026', '$2y$10$S4iCcC08TPoS4JvpdBtkrO1x9RuvofIfOew1RsNgUKrRH0MpEjbee', 'customer', 'active', NULL, NULL, NULL, '2026-02-05 23:28:36', '2026-02-05 23:28:36'),
	(72, 'navin.krishnan@gmail.com', '9847002027', '$2y$10$S4iCcC08TPoS4JvpdBtkrO1x9RuvofIfOew1RsNgUKrRH0MpEjbee', 'customer', 'active', NULL, NULL, NULL, '2025-12-18 23:28:36', '2025-12-18 23:28:36'),
	(73, 'divya.pillai2@gmail.com', '9847002028', '$2y$10$S4iCcC08TPoS4JvpdBtkrO1x9RuvofIfOew1RsNgUKrRH0MpEjbee', 'customer', 'active', NULL, NULL, NULL, '2026-01-12 23:28:36', '2026-01-12 23:28:36'),
	(74, 'sarath.babu@gmail.com', '9847002029', '$2y$10$S4iCcC08TPoS4JvpdBtkrO1x9RuvofIfOew1RsNgUKrRH0MpEjbee', 'customer', 'active', NULL, NULL, NULL, '2025-12-01 23:28:36', '2025-12-01 23:28:36'),
	(75, 'meera.rajan@gmail.com', '9847002030', '$2y$10$S4iCcC08TPoS4JvpdBtkrO1x9RuvofIfOew1RsNgUKrRH0MpEjbee', 'customer', 'active', NULL, NULL, NULL, '2026-01-05 23:28:36', '2026-01-05 23:28:36'),
	(76, 'kottayam.rubber@gmail.com', '9400200001', '$2y$10$sUdPPRQenw1FeE3DGuN3neyscaGJ54873T1W.tjOPEWnotITxkt9q', 'merchant', 'active', NULL, NULL, NULL, '2026-01-19 23:29:03', '2026-01-19 23:29:03'),
	(77, 'thrissur.gold@gmail.com', '9400200002', '$2y$10$sUdPPRQenw1FeE3DGuN3neyscaGJ54873T1W.tjOPEWnotITxkt9q', 'merchant', 'active', NULL, NULL, NULL, '2026-02-04 23:29:03', '2026-02-04 23:29:03'),
	(78, 'calicut.heritage@gmail.com', '9400200003', '$2y$10$sUdPPRQenw1FeE3DGuN3neyscaGJ54873T1W.tjOPEWnotITxkt9q', 'merchant', 'active', NULL, NULL, NULL, '2025-11-24 23:29:03', '2025-11-24 23:29:03'),
	(79, 'kollam.seafood@gmail.com', '9400200004', '$2y$10$sUdPPRQenw1FeE3DGuN3neyscaGJ54873T1W.tjOPEWnotITxkt9q', 'merchant', 'active', NULL, NULL, NULL, '2026-01-08 23:29:03', '2026-01-08 23:29:03'),
	(80, 'kochi.autoparts@gmail.com', '9400200005', '$2y$10$sUdPPRQenw1FeE3DGuN3neyscaGJ54873T1W.tjOPEWnotITxkt9q', 'merchant', 'active', NULL, NULL, NULL, '2025-12-19 23:29:03', '2025-12-19 23:29:03'),
	(81, 'palace.furniture@gmail.com', '9400200006', '$2y$10$sUdPPRQenw1FeE3DGuN3neyscaGJ54873T1W.tjOPEWnotITxkt9q', 'merchant', 'active', NULL, NULL, NULL, '2026-02-08 23:29:03', '2026-02-08 23:29:03'),
	(82, 'greenvalley.organics@gmail.com', '9400200007', '$2y$10$sUdPPRQenw1FeE3DGuN3neyscaGJ54873T1W.tjOPEWnotITxkt9q', 'merchant', 'active', NULL, NULL, NULL, '2026-01-07 23:29:03', '2026-01-07 23:29:03'),
	(83, 'tvm.opticals@gmail.com', '9400200008', '$2y$10$sUdPPRQenw1FeE3DGuN3neyscaGJ54873T1W.tjOPEWnotITxkt9q', 'merchant', 'active', NULL, NULL, NULL, '2026-01-09 23:29:03', '2026-01-09 23:29:03'),
	(84, 'munnar.tea@gmail.com', '9400200009', '$2y$10$sUdPPRQenw1FeE3DGuN3neyscaGJ54873T1W.tjOPEWnotITxkt9q', 'merchant', 'active', NULL, NULL, NULL, '2026-02-08 23:29:03', '2026-02-08 23:29:03'),
	(85, 'tattoo.kochi@gmail.com', '9400200010', '$2y$10$sUdPPRQenw1FeE3DGuN3neyscaGJ54873T1W.tjOPEWnotITxkt9q', 'merchant', 'active', NULL, NULL, NULL, '2026-01-21 23:29:03', '2026-01-21 23:29:03'),
	(86, 'alappuzha.boats@gmail.com', '9400200011', '$2y$10$sUdPPRQenw1FeE3DGuN3neyscaGJ54873T1W.tjOPEWnotITxkt9q', 'merchant', 'active', NULL, NULL, NULL, '2026-01-25 23:29:03', '2026-01-25 23:29:03'),
	(87, 'kerala.spices@gmail.com', '9400200012', '$2y$10$sUdPPRQenw1FeE3DGuN3neyscaGJ54873T1W.tjOPEWnotITxkt9q', 'merchant', 'active', NULL, NULL, NULL, '2025-11-23 23:29:03', '2025-11-23 23:29:03');

/*!40103 SET TIME_ZONE=IFNULL(@OLD_TIME_ZONE, 'system') */;
/*!40101 SET SQL_MODE=IFNULL(@OLD_SQL_MODE, '') */;
/*!40014 SET FOREIGN_KEY_CHECKS=IFNULL(@OLD_FOREIGN_KEY_CHECKS, 1) */;
/*!40101 SET CHARACTER_SET_CLIENT=@OLD_CHARACTER_SET_CLIENT */;
/*!40111 SET SQL_NOTES=IFNULL(@OLD_SQL_NOTES, 1) */;
